Name,Hex,HSL.H (deg),HSL.S (%),HSL.L (%),Red (R),Green (G),Blue (B)
auburn,#a52a2a,0,59,41,165,42,42
baby pink,#f4c2c2,0,69,86,244,194,194
black,#000000,0,0,0,0,0,0
boston university red,#cc0000,0,100,40,204,0,0
bright gray,#d3d3d3,0,0,83,211,211,211
brown,#a52a2a,0,59,41,165,42,42
carnelian,#b31b1b,0,74,40,179,27,27
copper rose,#996666,0,20,50,153,102,102
coral red,#ff4040,0,100,63,255,64,64
cornell red,#b31b1b,0,74,40,179,27,27
crimson red,#990000,0,100,30,153,0,0
cultured,#f5f5f5,0,0,96,245,245,245
cyclamen,#f56fa1,0,87,70,245,111,161
dark candy apple red,#a40000,0,100,32,164,0,0
dark gray,#a9a9a9,0,0,66,169,169,169
dark medium gray,#a9a9a9,0,0,66,169,169,169
dark red,#8b0000,0,100,27,139,0,0
dark sienna,#3c1414,0,50,16,60,20,20
davy's grey,#555555,0,0,33,85,85,85
deep maroon,#820000,0,100,26,130,0,0
deep red,#850101,0,99,26,133,1,1
dim gray,#696969,0,0,41,105,105,105
eerie black,#1b1b1b,0,0,11,27,27,27
falu red,#801818,0,68,30,128,24,24
firebrick,#b22222,0,68,42,178,34,34
fuzzy wuzzy,#cc6666,0,50,60,204,102,102
gainsboro,#dcdcdc,0,0,86,220,220,220
granite gray,#676767,0,0,40,103,103,103
gray,#808080,0,0,50,128,128,128
indian red,#cd5c5c,0,53,58,205,92,92
jet,#343434,0,0,20,52,52,52
light coral,#f08080,0,79,72,240,128,128
light gray,#bebebe,0,0,75,190,190,190
light salmon pink,#ff9999,0,100,80,255,153,153
lust,#e62020,0,80,51,230,32,32
maroon,#800000,0,100,25,128,0,0
maximum red,#d92121,0,74,49,217,33,33
medium gray,#808080,0,0,50,128,128,128
ou crimson red,#990000,0,100,30,153,0,0
permanent geranium lake,#e12c2c,0,75,53,225,44,44
persian plum,#701c1c,0,60,27,112,28,28
persian red,#cc3333,0,60,50,204,51,51
prune,#701c1c,0,60,27,112,28,28
quick silver,#a6a6a6,0,0,65,166,166,166
red,#ff0000,0,100,50,255,0,0
red-brown,#a52a2a,0,59,41,165,42,42
registration black,#000000,0,0,0,0,0,0
rose taupe,#905d5d,0,22,46,144,93,93
rosso corsa,#d40000,0,100,42,212,0,0
rosy brown,#bc8f8f,0,25,65,188,143,143
seal brown,#59260b,0,43,14,50,20,20
silver,#c0c0c0,0,0,75,192,192,192
silver chalice,#acacac,0,0,67,172,172,172
snow,#fffafa,0,100,99,255,250,250
sonic silver,#757575,0,0,46,117,117,117
spanish gray,#989898,0,0,60,152,152,152
stizza,#990000,0,100,30,153,0,0
tea rose,#f4c2c2,0,69,86,244,194,194
trolley grey,#808080,0,0,50,128,128,128
tuscan red,#7c4848,0,27,38,124,72,72
tuscany,#c09999,0,24,68,192,153,153
usc cardinal,#990000,0,100,30,153,0,0
white,#ffffff,0,0,100,255,255,255
white smoke,#f5f5f5,0,0,96,245,245,245
deep coffee,#704241,1,27,35,112,66,65
pastel pink,#dea5a4,1,47,76,222,165,164
roast coffee,#704241,1,27,35,112,66,65
spanish pink,#f7bfbe,1,78,86,247,191,190
candy apple red,#ff0800,2,100,50,255,8,0
tart orange,#fb4d46,2,96,63,251,77,70
vivid auburn,#922724,2,60,36,146,39,36
deep chestnut,#b94e48,3,45,50,185,78,72
engineering international orange,#ba160c,3,88,39,186,22,12
new york pink,#d7837f,3,52,67,215,131,127
pastel red,#ff6961,3,100,69,255,105,97
red-orange,#ff5349,3,100,64,255,83,73
silver pink,#c4aead,3,16,72,196,174,173
sweet brown,#a83731,3,55,43,168,55,49
barn red,#7c0a02,4,97,25,124,10,2
carmine pink,#eb4c42,4,81,59,235,76,66
cg red,#e03c31,4,74,54,224,60,49
golden gate bridge international orange,#c0362c,4,63,46,192,54,44
mordant red 19,#ae0c00,4,100,34,174,12,0
rose ebony,#674846,4,19,34,103,72,70
sunset orange,#fd5e53,4,98,66,253,94,83
cinnabar,#e34234,5,76,55,227,66,52
congo pink,#f88379,5,90,72,248,131,121
copper penny,#ad6f69,5,29,55,173,111,105
coral pink,#f88379,5,90,72,248,131,121
medium carmine,#af4035,5,54,45,175,64,53
pale carmine,#af4035,5,54,45,175,64,53
ryb red,#fe2712,5,99,53,254,39,18
tea rose,#f88379,5,90,72,248,131,121
vermilion,#e34234,5,76,55,227,66,52
bittersweet,#fe6f5e,6,99,68,254,111,94
coral reef,#fd7c6e,6,97,71,253,124,110
dust storm,#e5ccc9,6,35,84,229,204,201
giant's club,#b05c52,6,37,51,176,92,82
licorice,#1a1110,6,24,8,26,17,16
misty rose,#ffe4e1,6,100,94,255,228,225
ogre odor,#fd5240,6,98,62,253,82,64
old burgundy,#43302e,6,19,22,67,48,46
redwood,#a45a52,6,33,48,164,90,82
salmon,#fa8072,6,93,71,250,128,114
caput mortuum,#592720,7,47,24,89,39,32
melon,#fdbcb4,7,95,85,253,188,180
wenge,#645452,7,10,36,100,84,82
burnished brown,#a17a74,8,19,54,161,122,116
cedar chest,#c95a49,8,54,54,201,90,73
jelly bean,#da614e,8,65,58,218,97,78
rufous,#a81c07,8,92,34,168,28,7
scarlet,#ff2400,8,100,50,255,36,0
vermilion,#d9381e,8,76,48,217,56,30
bole,#79443b,9,34,35,121,68,59
burnt umber,#8a3324,9,59,34,138,51,36
dark pastel red,#c23b22,9,70,45,194,59,34
ferrari red,#ff2800,9,100,50,255,40,0
liver,#674c47,9,18,34,103,76,71
medium taupe,#674c47,9,18,34,103,76,71
medium tuscan red,#79443b,9,34,35,121,68,59
tomato,#ff6347,9,100,64,255,99,71
black bean,#3d0c02,10,94,12,61,12,2
chestnut,#954535,10,48,40,149,69,53
dark chestnut,#986960,10,23,49,152,105,96
dark coral,#cd5b45,10,58,54,205,91,69
heidelberg red,#960018,10,100,29,150,0,24
orange soda,#fa5b3d,10,95,61,250,91,61
terra cotta,#e2725b,10,70,62,226,114,91
chinese red,#aa381e,11,70,39,170,56,30
french puce,#4e1609,11,79,17,78,22,9
portland orange,#ff5a36,11,100,61,255,90,54
blast-off bronze,#a57164,12,27,52,165,113,100
cinereous,#98817b,12,12,54,152,129,123
kenyan copper,#7c1c05,12,92,25,124,28,5
kobe,#882d17,12,71,31,136,45,23
organ liver,#6c2e1f,12,55,27,108,46,31
outrageous orange,#ff6e4a,12,100,65,255,110,74
sienna,#882d17,12,71,31,136,45,23
vivid tangerine,#ffa089,12,100,77,255,160,137
coquelicot,#ff3800,13,100,50,255,56,0
burnt sienna,#e97451,14,78,62,233,116,81
copper red,#cb6d51,14,54,56,203,109,81
light red ochre,#e97451,14,78,62,233,116,81
medium vermilion,#d9603b,14,68,54,217,96,59
dark salmon,#e9967a,15,72,70,233,150,122
middle red,#e58e73,15,69,68,229,144,115
orioles orange,#fb4f14,15,97,53,251,79,20
smokey topaz,#832a0d,15,59,32,131,42,34
coral,#ff7f50,16,100,66,255,127,80
giants orange,#fe5a1d,16,99,55,254,90,29
orange-red,#ff4500,16,100,50,255,69,0
smashed pumpkin,#ff6d3a,16,100,61,255,109,58
flame,#e25822,17,77,51,226,88,34
light salmon,#ffa07a,17,100,74,255,160,122
sinopia,#cb410b,17,90,42,203,65,11
spicy mix,#8b5f4d,17,29,42,139,95,77
crayola copper,#da8a67,18,61,63,218,138,103
crayola orange,#ff7538,18,100,61,255,117,56
mandarin,#f37a48,18,88,62,243,122,72
pale copper,#da8a67,18,61,63,218,138,103
rust,#b7410e,18,86,39,183,65,14
vivid orange peel,#ffa000,18,100,50,255,160,0
aerospace international orange,#ff4f00,19,100,50,255,79,0
coconut,#965a3e,19,42,42,150,90,62
deep carrot orange,#e9692c,19,81,54,233,105,44
tangelo,#f94d00,19,100,49,249,77,0
vivid vermilion,#e56024,19,79,52,229,96,36
atomic tangerine,#ff9966,20,100,70,255,153,102
brown sugar,#af6e4d,20,39,49,175,110,77
mahogany,#c04000,20,100,38,192,64,0
mango tango,#ff8243,20,100,63,255,130,67
pink-orange,#ff9966,20,100,70,255,153,102
vivid red-tangelo,#df6124,20,75,51,223,97,36
pale silver,#c9c0bb,21,11,76,201,192,187
pantone orange,#ff5800,21,100,50,255,88,0
umber,#635147,21,16,33,99,81,71
willpower orange,#fd5800,21,100,50,253,88,0
antique brass,#cd9575,22,47,63,205,149,117
beaver,#9f8170,22,20,53,159,129,112
big foot feet,#e88e5a,22,76,63,232,142,90
persimmon,#ec5800,22,100,46,236,88,0
unbleached silk,#ffddca,22,100,90,255,221,202
vivid orange,#ff5f00,22,100,50,255,95,0
vivid tangelo,#f07427,23,87,55,240,116,39
zinnwaldite brown,#2c1608,23,69,10,44,22,8
apricot,#fbceb1,24,90,84,251,206,177
bistre,#3d2b1f,24,33,18,61,43,31
blaze orange,#ff6700,24,100,50,255,103,0
dark brown-tangelo,#88654e,24,27,42,136,101,78
pumpkin,#ff7518,24,100,55,255,117,24
raw sienna,#d68a59,24,60,59,214,138,89
tumbleweed,#deaa88,24,57,70,222,170,136
burnt orange,#cc5500,25,100,40,204,85,0
champagne pink,#f1ddcf,25,55,88,241,221,207
chocolate,#d2691e,25,75,47,210,105,30
cinnamon,#d2691e,25,75,47,210,105,30
cocoa brown,#d2691e,25,75,47,210,105,30
coffee,#6f4e37,25,34,33,111,78,55
desert sand,#edc9af,25,63,81,237,201,175
pale taupe,#bc987e,25,32,62,188,152,126
ruddy brown,#bb6528,25,65,45,187,101,40
saddle brown,#8b4513,25,76,31,139,69,19
seashell,#fff5ee,25,100,97,255,245,238
spanish orange,#e86100,25,100,45,232,97,0
tawny,#cd5700,25,100,40,205,87,0
tenné,#cd5700,25,100,40,205,87,0
tuscan brown,#6f4e37,25,34,33,111,78,55
van dyke brown,#664228,25,44,28,102,66,40
very light tangelo,#ffb077,25,100,73,255,176,119
café au lait,#a67b5b,26,30,50,166,123,91
chamoisee,#a0785a,26,28,49,160,120,90
deep peach,#ffcba4,26,100,82,255,203,164
french beige,#a67b5b,26,30,50,166,123,91
light taupe,#b38b6d,26,32,56,179,139,109
peach,#ffcba4,26,100,82,255,203,164
persian orange,#d99058,26,63,60,217,144,88
princeton orange,#f58025,26,91,55,245,128,37
russet,#80461b,26,65,30,128,70,27
tuscan tan,#a67b5b,26,30,50,166,123,91
alloy orange,#c46210,27,85,42,196,98,16
dark lava,#483c32,27,18,24,72,60,50
dark taupe,#483c32,27,18,24,72,60,50
liver chestnut,#987456,27,28,47,152,116,86
macaroni and cheese,#ffbd88,27,100,77,255,189,136
taupe,#483c32,27,18,24,72,60,50
brown-nose,#6b4423,28,51,28,107,68,35
cadmium orange,#ed872d,28,84,55,237,135,45
deer,#ba8759,28,41,54,186,135,89
feldspar,#fdd5b1,28,95,84,253,213,177
flattery,#6b4423,28,51,28,107,68,35
kobicha,#6b4423,28,51,28,107,68,35
light apricot,#fdd5b1,28,95,84,253,213,177
light brown,#b5651d,28,72,41,181,101,29
lumber,#ffe4cd,28,100,90,255,228,205
pastel brown,#836953,28,22,42,130,105,83
peach puff,#ffdab9,28,100,86,255,218,185
safety orange,#ff7800,28,100,50,255,120,0
sandy brown,#f4a460,28,87,67,244,164,96
copper,#b87333,29,57,46,184,115,51
dirt,#9b7653,29,30,47,155,118,83
dogs liver,#b86d29,29,64,44,184,109,41
heat wave,#ff7a00,29,100,50,255,122,0
rajah,#fbab60,29,95,68,251,171,96
almond,#efdecd,30,52,87,239,222,205
bronze,#cd7f32,30,61,50,205,127,50
brown yellow,#cc9966,30,50,60,204,153,102
café noir,#4b3621,30,39,21,75,54,33
color wheel orange,#ff7f00,30,100,50,255,127,0
dark brown,#654321,30,51,26,101,67,33
deep saffron,#ff9933,30,100,60,255,153,51
ece amber,#ff7e00,30,100,50,255,126,0
fawn,#e5aa70,30,69,67,229,170,112
isabelline,#f4f0ec,30,27,94,244,240,236
linen,#faf0e6,30,67,94,250,240,230
mellow apricot,#f8b878,30,90,72,248,184,120
ochre,#cc7722,30,71,47,204,119,34
otter brown,#654321,30,51,26,101,67,33
pale brown,#987654,30,29,46,152,118,84
peach-orange,#ffcc99,30,100,80,255,204,153
peru,#cd853f,30,59,53,205,133,63
sae amber,#ff7e00,30,100,50,255,126,0
sandy tan,#fdd9b5,30,95,85,253,217,181
sepia,#704214,30,70,26,112,66,20
smoky black,#100c08,30,33,5,16,12,8
tiger's eye,#e08d3c,30,73,56,224,141,60
traditional brown,#964b00,30,100,29,150,75,0
very pale orange,#ffdfbf,30,100,88,255,223,191
windsor tan,#a75502,30,98,33,167,85,2
neon carrot,#ffa343,31,100,63,255,163,67
traditional chocolate,#7b3f00,31,100,24,123,63,0
university of tennessee orange,#f77f00,31,100,48,247,127,0
dark vanilla,#d1bea8,32,31,74,209,190,168
bisque,#ffe4c4,33,100,88,255,228,196
camel,#c19a6b,33,41,59,193,154,107
carrot orange,#ed9121,33,85,53,237,145,33
dark orange,#ff8c00,33,100,50,255,140,0
desert,#c19a6b,33,41,59,193,154,107
fallow,#c19a6b,33,41,59,193,154,107
aqua blue,#15f2fd,33,41,63,123,154,200
pullman brown,#644117,33,63,24,100,65,23
raw umber,#826644,33,31,39,130,102,68
tangerine,#f28500,33,100,47,242,133,0
timberwolf,#dbd7d2,33,11,84,219,215,210
wood brown,#c19a6b,33,41,59,193,154,107
antique white,#faebd7,34,78,91,250,235,215
burlywood,#deb887,34,57,70,222,184,135
earth yellow,#e1a95f,34,68,63,225,169,95
french bistre,#856d4d,34,27,41,133,109,77
ginger,#b06500,34,100,35,176,101,0
grizzly,#885818,34,70,31,136,88,24
grullo,#a99a86,34,17,59,169,154,134
moccasin,#faebd7,34,78,91,250,235,215
pale gold,#e6be8a,34,65,72,230,190,138
tan,#d2b48c,34,44,69,210,180,140
yellow orange,#ffae42,34,100,63,255,174,66
deep champagne,#fad6a5,35,90,81,250,214,165
donkey brown,#664c28,35,44,28,102,76,40
fulvous,#e48400,35,100,45,228,132,0
indian yellow,#e3a857,35,71,62,227,168,87
pastel orange,#ffb347,35,100,64,255,179,71
sunset,#fad6a5,35,89,81,250,214,165
topaz,#ffc87c,35,100,74,255,200,124
tuscan,#fad6a5,35,89,81,250,214,165
blanched almond,#ffebcd,36,100,90,255,235,205
golden brown,#996515,36,76,34,153,101,21
navajo white,#ffdead,36,100,84,255,222,173
ryb orange,#fb9902,36,98,50,251,153,2
sunray,#e3ab57,36,71,62,227,171,87
vivid gamboge,#ff9900,36,100,50,255,153,0
champagne,#f7e7ce,37,72,89,247,231,206
crayola bright yellow,#ffaa1d,37,100,56,255,170,29
khaki,#c3b091,37,29,67,195,176,145
orange peel,#ff9f00,37,100,50,255,159,0
papaya whip,#ffefd5,37,100,92,255,239,213
shadow,#8a795d,37,19,45,138,121,93
aztec gold,#c39953,38,48,55,195,153,83
dark tangerine,#ffa812,38,100,54,255,168,18
light french beige,#c8ad7f,38,40,64,200,173,127
bone,#e3dac9,39,32,84,227,218,201
chrome yellow,#ffa700,39,100,50,255,167,0
gamboge,#e49b0f,39,88,48,228,155,15
marigold,#eaa221,39,83,52,234,162,33
old lace,#fdf5e6,39,85,95,253,245,230
orange,#ffa500,39,100,50,255,165,0
peach,#ffe5b4,39,100,85,255,229,180
peach-yellow,#fadfad,39,89,83,250,223,173
wheat,#f5deb3,39,77,83,245,222,179
floral white,#fffaf0,40,100,97,255,250,240
gamboge orange brown,#996600,40,100,30,152,102,0
harvest gold,#da9100,40,100,43,218,145,0
maximum yellow red,#f2ba49,40,87,62,242,186,73
platinum,#e5e4e2,40,5,89,229,228,226
university of california gold,#b78727,40,65,44,183,135,39
metallic sunburst,#9c7c38,41,47,42,156,124,56
dutch white,#efdfbb,42,62,84,239,223,187
field drab,#6c541e,42,57,27,108,84,30
pearl,#eae0c8,42,45,85,234,224,200
ucla gold,#ffb300,42,100,50,255,179,0
banana mania,#fae7b5,43,87,85,250,231,181
bistre brown,#967117,43,73,34,150,113,23
cosmic latte,#fff8e7,43,100,95,255,248,231
dark goldenrod,#b8860b,43,89,38,184,134,11
drab,#967117,43,73,34,150,113,23
gold fusion,#85754e,43,26,41,133,117,78
goldenrod,#daa520,43,74,49,218,165,32
mode beige,#967117,43,73,34,150,113,23
sand dune,#967117,43,73,34,150,113,23
sandy taupe,#967117,43,73,34,150,113,23
satin sheen gold,#cba135,43,59,50,203,161,53
meat brown,#e5b73b,44,77,56,229,183,59
selective yellow,#ffba00,44,100,50,255,186,0
urobilin,#e1ad21,44,76,51,225,173,33
amber,#ffbf00,45,100,50,255,191,0
dark tan,#918151,45,28,44,145,129,81
ecru,#c2b280,45,35,63,194,178,128
fluorescent orange,#ffbf00,45,100,50,255,191,0
lemon curry,#cca01d,45,75,46,204,160,29
mikado yellow,#ffc40c,45,100,52,255,196,12
orange-yellow,#f8d568,45,91,69,248,213,104
pullman green,#3b331c,45,36,17,59,51,28
saffron,#f4c430,45,90,57,244,196,48
sand,#c2b280,45,35,63,194,178,128
sunglow,#ffcc33,45,100,60,255,204,51
vivid amber,#cc9900,45,100,40,204,153,0
eggshell,#f0ead6,46,46,89,240,234,214
golden poppy,#fcc200,46,100,49,252,194,0
metallic gold,#d4af37,46,65,52,212,175,55
deep lemon,#f5c71a,47,92,53,245,199,26
jasmine,#f8de7e,47,90,73,248,222,126
lemon meringue,#f6eabe,47,76,85,246,234,190
mellow yellow,#f8de7e,47,90,73,248,222,126
mustard,#ffdb58,47,100,67,255,219,88
cornsilk,#fff8dc,48,100,93,255,248,220
medium champagne,#f3e5ab,48,75,81,243,229,171
naples yellow,#fada5e,48,94,67,250,218,94
royal yellow,#fada5e,48,94,67,250,218,94
stil de grain yellow,#fada5e,48,94,67,250,218,94
tangerine yellow,#ffcc00,48,100,50,255,204,0
usc gold,#ffcc00,48,100,50,255,204,0
vanilla,#f3e5ab,48,75,81,243,229,171
buff,#f0dc82,49,79,73,240,220,130
jonquil,#f4ca16,49,91,52,244,202,22
old gold,#cfb53b,49,61,52,207,181,59
blond,#faf0be,50,86,86,250,240,190
crayola yellow,#fce883,50,95,75,252,232,131
cyber yellow,#ffd300,50,100,50,255,211,0
flax,#eedc82,50,76,72,238,220,130
gargoyle gas,#ffdf46,50,100,64,255,223,70
ncs yellow,#ffd300,50,100,50,255,211,0
vegas gold,#c5b358,50,48,56,197,179,88
arylide yellow,#e9d66b,51,74,67,233,214,107
banana yellow,#ffe135,51,100,60,255,225,53
golden gold,#ffd700,51,100,50,255,215,0
hansa yellow,#e9d66b,51,74,67,233,214,107
munsell yellow,#efcc00,51,100,47,239,204,0
school bus yellow,#ffd800,51,100,50,255,216,0
brass,#b5a642,52,47,48,181,166,66
dark yellow,#9b870c,52,86,33,155,135,12
flavescent,#f7e98e,52,87,76,247,233,142
golden yellow,#ffdf00,52,100,50,255,223,0
minion yellow,#f5e050,52,89,64,245,220,80
sandstorm,#ecd540,52,82,59,236,213,64
sizzling sunrise,#ffdb00,52,100,50,255,219,0
spanish bistre,#807532,52,44,35,128,117,50
antique bronze,#665d1e,53,55,26,102,93,30
pantone yellow,#fedf00,53,100,50,254,223,0
safety yellow,#eed202,53,98,47,238,210,2
vivid yellow,#ffe302,53,100,50,255,227,2
citrine,#e4d00a,54,92,47,228,208,10
corn,#fbec5d,54,95,67,251,236,93
lemon chiffon,#fffacd,54,100,90,255,250,205
light khaki,#f0e68c,54,77,75,240,230,140
maize,#fbec5d,54,95,67,251,236,93
misty moss,#bbb477,54,33,60,187,180,119
old moss green,#867e36,54,43,37,134,126,54
straw,#e4d96f,54,68,66,228,217,111
dandelion,#f0e130,55,86,56,240,225,48
middle yellow,#ffeb00,55,100,50,255,235,0
pale goldenrod,#eee8aa,55,67,80,238,232,170
sage,#bcb88a,55,27,64,188,184,138
aureolin,#fdee00,56,100,50,253,238,0
canary yellow,#ffef00,56,100,50,255,239,0
dark khaki,#bdb76b,56,38,58,189,183,107
lemon yellow,#fff44f,56,100,65,255,244,79
process yellow,#ffef00,56,100,50,255,239,0
yellow rose,#fff000,56,100,50,255,240,0
cream,#fffdd0,57,100,91,255,253,208
bronze yellow,#737000,58,100,23,115,112,0
cadmium yellow,#fff600,58,100,50,255,246,0
icterine,#fcf75e,58,96,68,252,247,94
lemon,#fff700,58,100,50,255,247,0
titanium yellow,#eee600,58,100,47,238,230,0
yellow sunshine,#fff700,58,100,50,255,247,0
pale spring bud,#ecebbd,59,55,83,236,235,189
peridot,#e6e200,59,100,45,230,226,0
baby powder,#fefefa,60,67,99,254,254,250
battleship grey,#848482,60,1,51,132,132,130
beige,#f5f5dc,60,56,91,245,245,220
canary,#ffff99,60,100,80,255,255,153
daffodil,#ffff31,60,100,60,255,255,49
electric yellow,#ffff33,60,100,60,255,255,51
heart gold,#808000,60,100,25,128,128,0
ivory,#fffff0,60,100,97,255,255,240
laser lemon,#ffff66,60,100,70,255,255,102
lemon glacier,#fdff00,60,100,50,253,255,0
light goldenrod yellow,#fafad2,60,80,90,250,250,210
light yellow,#ffffe0,60,100,94,255,255,224
maximum yellow,#fafa37,60,95,60,250,250,55
old silver,#848482,60,1,51,132,132,130
olive,#808000,60,100,25,128,128,0
pastel gray,#cfcfc4,60,10,79,207,207,196
pastel yellow,#fdfd96,60,96,79,253,253,150
ryb yellow,#fefe33,60,99,60,254,254,51
sunny,#f2f27a,60,82,71,242,242,122
unmellow yellow,#ffff66,60,100,70,255,255,102
very pale yellow,#ffffbf,60,100,88,255,255,191
yellow,#ffff00,60,100,50,255,255,0
coyote brown,#81613c,62,37,37,129,97,60
booger buster,#dde26a,63,67,65,221,226,106
citron,#9fa91f,64,69,39,158,169,31
acid green,#b0bf1a,65,76,43,176,191,26
maximum green yellow,#d9e650,65,75,61,217,230,80
bitter lemon,#cae00d,66,89,46,202,224,13
pear,#d1e231,66,75,54,209,226,49
key lime,#e8f48c,67,83,75,232,244,140
lemon lime,#e3ff00,67,100,50,227,255,0
traditional chartreuse,#dfff00,68,100,50,223,255,0
army green,#4b5320,69,44,23,75,83,32
black olive,#3b3c36,70,5,22,59,60,54
arctic lime,#d0ff14,72,100,54,208,255,20
electric lime,#ccff00,72,100,50,204,255,0
fluorescent yellow,#ccff00,72,100,50,204,255,0
limerick,#9dc209,72,91,40,157,194,9
middle green yellow,#acbf60,72,43,56,172,191,96
milk,#fdfff5,72,100,98,253,255,245
mindaro,#e3f988,72,90,75,227,249,136
volt,#ceff00,72,100,50,205,255,0
june bud,#bdda57,73,64,60,189,218,87
medium spring bud,#c9dc87,73,55,70,201,220,135
android green,#a4c639,74,55,50,164,198,57
apple green,#8db600,74,100,36,141,182,0
vivid lime green,#a6d608,74,93,44,166,214,8
bitter lime,#bfff00,75,100,50,191,255,0
moss green,#8a9a5b,75,26,48,138,154,91
turtle green,#8a9a5b,75,26,48,138,154,91
warm lime,#bfff00,75,100,50,191,255,0
artichoke,#8f9779,76,13,53,143,151,121
dark moss green,#4a5d23,80,45,25,74,93,35
olive drab,#6b8e23,80,60,35,107,142,35
sheen green,#8fd400,80,100,42,143,212,0
spring bud,#a7fc00,80,100,49,167,252,0
yellow-green,#9acd32,80,61,50,154,205,50
avocado,#568203,81,95,26,86,130,3
awesome,#ff2052,81,95,56,255,32,82
dark olive green,#556b2f,82,39,30,85,107,47
deep spring bud,#556b2f,82,39,30,85,107,47
green lizard,#a7f432,84,90,58,167,244,50
green-yellow,#adff2f,84,100,59,173,255,47
inchworm,#b2ec5d,84,79,65,178,236,93
rifle green,#444c38,84,15,26,68,76,56
alien armpit,#84de02,85,98,44,132,222,2
olivine,#9ab973,87,33,59,154,185,115
palm leaf,#6f9940,88,5,53,130,142,132
french lime,#9efd38,89,98,61,158,253,56
chartreuse,#7fff00,90,100,50,127,255,0
lawn green,#7cfc00,90,100,49,124,252,0
maximum green,#5e8c31,90,48,37,94,140,49
camouflage green,#78866b,91,11,47,120,134,107
kiwi,#8ee53f,91,76,57,142,229,63
asparagus,#87a96b,93,26,54,135,169,107
sap green,#507d2a,93,50,33,80,125,42
spring frost,#87ff2a,94,100,58,135,255,42
laurel green,#a9ba9d,95,17,67,169,186,157
ryb green,#66b032,95,56,44,102,176,50
bright green,#66ff00,96,100,50,102,255,0
pistachio,#93c572,96,42,61,147,197,114
ebony,#555d50,97,8,34,85,93,80
nyanza,#e9ffdb,97,100,93,233,255,219
dollar bill,#85bb65,98,39,56,133,187,101
napier green,#2a8000,100,100,25,42,128,0
tea green,#d0f0c0,100,62,85,208,240,192
kelly green,#4cbb17,101,78,41,76,187,23
bud green,#7bb661,102,37,55,123,182,97
chlorophyll green,#4aff00,103,100,50,74,255,0
kombu green,#354230,103,16,22,53,66,48
harlequin,#3fff00,105,100,50,63,255,0
harlequin green,#46cb18,105,79,45,70,203,24
fern green,#4f7942,106,29,37,79,121,66
lincoln green,#195905,106,89,18,25,89,5
mantis,#74c365,110,44,58,116,195,101
neon green,#39ff14,111,100,54,57,255,20
slimy green,#299617,111,73,34,41,150,23
may green,#4c9141,112,38,41,76,145,65
granny smith apple,#a8e4a0,113,56,76,168,228,160
india green,#138808,115,89,28,19,136,8
gray-asparagus,#465945,117,13,31,70,89,69
ao english,#008000,120,100,25,0,128,0
dark green,#006400,120,100,20,0,100,0
dark sea green,#8fbc8f,120,25,65,143,188,143
electric green,#00ff00,120,100,50,0,255,0
forest green,#228b22,120,61,34,34,139,34
green,#00ff00,120,100,50,0,255,0
honeydew,#f0fff0,120,100,97,240,255,240
islamic green,#009000,120,100,28,0,144,0
light green,#90ee90,120,73,75,144,238,144
light moss green,#addfad,120,44,78,173,223,173
lime,#00ff00,120,100,50,0,255,0
lime green,#32cd32,120,61,50,50,205,50
mint green,#98ff98,120,100,80,152,255,152
mughal green,#306030,120,33,28,48,96,48
nickel,#727472,120,1,45,114,116,114
office green,#008000,120,100,25,0,128,0
pakistan green,#006600,120,100,20,0,102,0
pale green,#98fb98,120,93,79,152,251,152
pastel green,#77dd77,120,60,67,119,221,119
pure green,#008000,120,100,25,0,128,0
russian green,#679267,120,17,49,103,146,103
screamin' green,#66ff66,120,100,70,102,255,102
wageningen green,#34b233,120,56,45,52,178,51
deep green,#056608,122,91,21,5,102,8
celadon,#ace1af,123,47,78,172,225,175
iguana green,#71bc78,126,36,59,113,188,120
middle blue,#7ed4e6,126,68,70,126,212,230
deep moss green,#355e3b,129,28,29,53,94,59
hunter green,#355e3b,129,28,29,53,94,59
dolphin gray,#828e84,130,5,53,130,142,132
middle green,#4d8c57,130,29,43,77,140,87
mummy's tomb,#828e84,130,5,53,130,142,132
smoke,#738276,132,6,48,115,130,118
eton blue,#96c8a2,134,31,69,150,200,162
ash grey,#b2beb5,135,8,72,178,190,181
black leather jacket,#253529,135,18,18,37,53,41
very light malachite green,#64e986,135,75,65,100,233,134
vivid malachite,#00cc33,135,100,40,0,204,51
xanadu,#738678,136,8,49,115,134,120
cal poly pomona green,#1e4d2b,137,44,21,30,77,43
dark pastel green,#03c03c,138,97,38,3,192,60
middle red purple,#210837,139,75,12,33,8,55
cambridge blue,#a3c1ad,140,19,70,163,193,173
emerald,#50c878,140,52,55,80,200,120
malachite,#0bda51,140,90,45,11,218,81
north texas green,#059033,140,93,29,5,144,51
paris green,#50c878,140,52,55,80,200,120
teal deer,#99e6b3,140,61,75,153,230,179
la salle green,#087830,141,88,25,8,120,48
middle blue green,#8dd9cc,141,50,70,141,217,204
shiny shamrock,#5fa778,141,29,51,95,167,120
ufo green,#3cd070,141,61,53,60,208,112
turquoise green,#a0d6b4,142,40,73,160,214,180
feldgrau,#4d5d53,143,9,33,77,93,83
pantone green,#00ad43,143,100,34,0,173,67
sea green,#2e8b57,146,50,36,46,139,87
amazon,#3b7a57,147,35,35,59,122,87
medium sea green,#3cb371,147,50,47,60,179,113
pigment green,#00a550,149,100,32,0,165,80
sea foam green,#9fe2bf,149,38,82,195,226,191
traditional forest green,#014421,149,97,14,1,68,33
up forest green,#014421,149,97,14,1,68,33
dark spring green,#177245,150,66,27,23,114,69
guppie green,#00ff7f,150,100,50,0,255,127
mint cream,#f5fffa,150,100,98,245,255,250
spring green,#00ff7f,150,100,50,0,255,127
aero blue,#c9ffe5,151,100,89,201,255,229
phthalo green,#123524,151,49,14,18,53,36
dartmouth green,#00703c,152,100,22,0,112,60
magic mint,#aaf0d1,153,70,80,170,240,209
spanish green,#009150,153,100,28,0,145,80
british racing green,#004225,154,100,13,0,66,37
cadmium green,#006b3c,154,100,21,0,107,60
medium aquamarine,#66ddaa,154,64,63,102,221,170
go green,#00ab66,156,100,34,0,171,102
shamrock green,#009e60,156,100,31,0,158,96
medium spring green,#00fa9a,157,100,49,0,250,154
ocean green,#48bf91,157,48,52,72,191,145
crayola green,#1cac78,158,72,39,28,172,120
jade,#00a86b,158,100,33,0,168,107
mint,#3eb489,158,49,47,62,180,137
aquamarine,#7fffd4,160,100,75,127,255,212
green-cyan,#009966,160,100,30,0,153,102
ncs green,#009f6b,160,100,31,0,159,107
deep aquamarine,#40826d,161,34,38,64,130,109
eucalyptus,#44d7a8,161,65,55,68,215,168
medium jungle green,#1c352d,161,31,16,28,53,45
mountain meadow,#30ba8f,161,59,46,48,186,143
viridian,#40826d,161,34,38,64,130,109
brunswick green,#1b4d3e,162,48,20,27,77,62
dark jungle green,#1a2421,162,16,12,26,36,33
english green,#1b4d3e,162,48,20,27,77,62
pearl aqua,#88d8c0,162,51,69,136,216,192
hooker's green,#49796b,163,25,38,73,121,107
jungle green,#29ab87,163,61,42,41,171,135
munsell green,#00a877,163,100,33,0,168,119
spanish viridian,#007f5c,163,100,25,0,127,92
bangladesh green,#006a4e,164,100,21,0,106,78
bottle green,#006a4e,164,100,21,0,106,78
castleton green,#00563f,164,100,17,0,86,63
illuminating emerald,#319177,164,49,38,49,145,119
sacramento state green,#00563f,164,100,17,0,86,63
caribbean green,#00cc99,165,100,40,0,204,153
deep green-cyan turquoise,#0e7c61,165,80,27,14,124,97
middle red purple,#a55353,165,100,16,0,83,83
polished pine,#5da493,166,28,50,93,164,147
zomp,#39a78e,166,49,44,57,167,142
msu green,#18453b,167,48,18,24,69,59
wintergreen dream,#56887d,167,23,44,86,136,125
generic viridian,#007f66,168,100,25,0,127,102
green sheen,#6eaea1,168,28,56,110,174,161
paolo veronese green,#009b7d,168,100,30,0,155,125
tropical rain forest,#00755e,168,100,23,0,117,94
pale robin egg blue,#96ded1,169,52,73,150,222,209
keppel,#3ab09e,171,50,46,58,176,158
persian green,#00a693,173,100,33,0,166,147
celadon green,#2f847c,174,47,35,47,132,124
turquoise,#40e0d0,174,72,56,64,224,208
pine green,#01796f,175,98,24,1,121,111
myrtle green,#317873,176,42,33,49,120,115
turquoise blue,#00ffef,176,100,50,0,255,239
bright turquoise,#08e8de,177,93,47,8,232,222
light sea green,#20b2aa,177,70,41,32,178,170
verdigris,#43b3ae,177,46,48,67,179,174
deep jungle green,#004b49,178,100,15,0,75,73
medium turquoise,#48d1cc,178,60,55,72,209,204
tiffany blue,#0abab5,178,90,38,10,186,181
teal green,#00827f,179,100,25,0,130,127
aqua,#00ffff,180,100,50,0,255,255
azure mist,#f0ffff,180,100,97,240,255,255
celeste,#b2ffff,180,100,85,178,255,255
charleston green,#232b2b,180,10,15,35,43,43
cyan,#00ffff,180,100,50,0,255,255
dark cyan,#008b8b,180,100,27,0,139,139
dark slate gray,#2f4f4f,180,25,25,47,79,79
desaturated cyan,#669999,180,20,50,102,153,153
electric cyan,#00ffff,180,100,50,0,255,255
italian sky blue,#b2ffff,180,100,85,178,255,255
light cyan,#e0ffff,180,100,94,224,255,255
maximum blue green,#30bfbf,180,60,47,48,191,191
pale blue,#afeeee,180,65,81,175,238,238
pale turquoise,#afeeee,180,65,81,175,238,238
rich black,#004040,180,100,13,0,64,64
robin egg blue,#00cccc,180,100,40,0,204,204
skobeloff,#007474,180,100,23,0,116,116
spanish sky blue,#00ffff,180,100,50,0,255,255
teal,#008080,180,100,25,0,128,128
warm black,#004242,180,100,13,0,66,66
dark turquoise,#00ced1,181,100,41,0,206,209
steel teal,#5f8a8b,181,19,46,95,138,139
viridian green,#009698,181,100,30,0,150,152
cadet blue,#5f9ea0,182,25,50,95,158,160
turquoise surf,#00c5cd,182,100,40,0,197,205
aurometalsaurus,#6e7f80,183,8,47,110,127,128
bubbles,#e7feff,183,100,95,231,254,255
dark imperial blue,#00147e,183,100,25,0,20,126
electric blue,#7df9ff,183,100,75,125,249,255
sea serpent,#4bc7cf,184,58,55,75,199,207
waterspout,#a4f4f9,184,88,81,164,244,249
metallic seaweed,#0a7e8c,186,87,29,10,126,140
midnight green,#004953,187,100,16,0,73,83
powder blue,#b0e0e6,187,52,80,176,224,230
blizzard blue,#ace5ee,188,66,80,172,229,238
blue lagoon,#ace5ee,188,66,80,172,229,238
ming,#36747d,188,40,35,54,116,125
japanese indigo,#264348,189,31,22,38,67,72
stormcloud,#4f666a,189,15,36,79,102,106
medium sky blue,#80daeb,190,73,71,128,218,235
munsell blue,#0093af,190,100,34,0,147,175
bondi blue,#0095b6,191,100,36,0,149,182
diamond,#b9f2ff,191,100,86,185,242,255
outer space,#414a4c,191,8,28,65,74,76
pacific blue,#1ca9c9,191,76,45,28,169,201
ball blue,#21abcd,192,72,47,33,171,205
blue-green,#0d98ba,192,87,39,13,152,186
vivid sky blue,#00ccff,192,100,50,0,204,255
non-photo blue,#a4dded,193,67,79,164,221,237
battery charged blue,#1dacd6,194,76,48,29,172,214
bright cerulean,#1dacd6,194,76,48,29,172,214
deep space sparkle,#4a646c,194,19,36,74,100,108
teal blue,#367588,194,43,37,54,117,136
capri,#00bfff,195,100,50,0,191,255
deep sky blue,#00bfff,195,100,50,0,191,255
light blue,#add8e6,195,53,79,173,216,230
maximum blue,#47abcc,195,57,54,71,171,204
onyx,#353839,195,4,22,53,56,57
spiro disco ball,#0fc0fc,195,98,52,15,192,252
blue bolt,#00b9fb,196,100,49,0,185,251
celadon blue,#007ba7,196,100,33,0,123,167
cerulean,#007ba7,196,100,33,0,123,167
cg blue,#007aa5,196,100,32,0,122,165
fresh air,#a6e7ff,196,100,83,166,231,255
pastel blue,#aec6cf,196,26,75,174,198,207
winter wizard,#a0e6ff,196,100,81,160,230,255
blue sapphire,#126180,197,75,29,18,97,128
ncs blue,#0087bd,197,100,37,0,135,189
sea blue,#006994,197,100,29,0,105,148
sky blue,#87ceeb,197,71,73,135,206,235
vivid cerulean,#00aaee,197,100,47,0,170,238
baby blue,#89cff0,199,77,74,137,207,240
cadet,#536872,199,16,39,83,104,114
cyan cornflower blue,#188bc2,199,78,43,24,139,194
dark sky blue,#8cbed6,199,47,69,140,190,214
moonstone blue,#73a9c2,199,39,61,115,169,194
rich electric blue,#0892d0,199,93,42,8,146,208
columbia blue,#c4d8e2,200,34,83,196,216,226
gunmetal,#2a3439,200,15,19,42,52,57
pale cyan,#87d3f8,200,89,75,135,211,248
pewter blue,#8ba8b7,200,23,63,139,168,183
picton blue,#45b1e8,200,78,59,69,177,232
silver sand,#bfc1c2,200,2,75,191,193,194
star command blue,#007bb8,200,100,36,0,123,184
light cornflower blue,#93ccea,201,67,75,147,204,234
dark gunmetal,#1f262a,202,15,14,31,38,42
ocean boat blue,#0077be,202,100,37,0,119,190
dark imperial blue,#00416a,203,100,21,0,65,106
french blue,#0072bb,203,100,37,0,114,187
honolulu blue,#006db0,203,100,35,0,109,176
light sky blue,#87cefa,203,92,75,135,206,250
medium persian blue,#0067a5,203,100,32,0,103,165
sapphire blue,#0067a5,203,100,32,0,103,165
spanish blue,#0070b8,203,100,36,0,112,184
carolina blue,#56a0d3,204,59,58,86,160,211
charcoal,#36454f,204,19,26,54,69,79
rackley,#5d8aa8,204,30,51,93,138,168
raf air force blue,#5d8aa8,204,30,51,93,138,168
weldon blue,#7c98ab,204,22,58,124,152,171
air superiority blue,#72a0c1,205,39,60,114,160,193
cadet grey,#91a3b0,205,16,63,145,163,176
celestial blue,#4997d0,205,59,55,73,151,208
maya blue,#73c2fb,205,94,72,115,194,251
pale cerulean,#9bc4e2,205,55,75,155,196,226
prussian blue,#003153,205,100,16,0,49,83
aero,#7cb9e8,206,70,70,124,185,232
arsenic,#3b444b,206,12,26,59,68,75
azureish white,#dbe9f4,206,53,91,219,233,244
beau blue,#bcd4e6,206,46,82,188,212,230
blue jeans,#5dadec,206,79,65,93,173,236
dark electric blue,#536878,206,18,40,83,104,120
pale aqua,#bcd4e6,206,46,82,188,212,230
payne's grey,#536878,206,18,40,83,104,120
iceberg,#71a6d2,207,52,63,113,166,210
rich black,#010b13,207,90,4,1,11,19
steel blue,#4682b4,207,44,49,70,130,180
true blue,#0073cf,207,100,41,0,115,207
alice blue,#f0f8ff,208,100,97,240,248,255
cerulean frost,#6d9bc3,208,42,60,109,155,195
very light azure,#74bbfb,208,94,72,116,187,251
baby blue eyes,#a1caf1,209,74,79,161,202,241
black coral,#54626f,209,14,38,84,98,111
cyan azure,#4e82b4,209,41,51,78,130,180
dark cerulean,#08457e,209,88,26,8,69,126
green-blue,#1164b4,209,83,39,17,100,180
medium electric blue,#035096,209,96,30,3,80,150
usafa blue,#004f98,209,100,30,0,79,152
anti-flash white,#f2f3f4,210,8,95,242,243,244
azure,#007fff,210,100,50,0,127,255
bleu de france,#318ce7,210,79,55,49,140,231
blue-gray,#6699cc,210,50,60,102,153,204
bright navy blue,#1974d2,210,79,46,25,116,210
brilliant azure,#3399ff,210,100,60,51,153,255
cyan-blue azure,#4682bf,210,49,51,70,130,191
dark midnight blue,#003366,210,100,20,0,51,102
dodger blue,#1e90ff,210,100,56,30,144,255
lapis lazuli,#26619c,210,61,38,38,97,156
light slate gray,#778899,210,14,53,119,136,153
livid,#6699cc,210,50,60,102,153,204
pale cornflower blue,#abcdef,210,68,80,171,205,239
slate gray,#708090,210,13,50,112,128,144
tufts blue,#3e8ede,210,71,56,62,142,222
queen blue,#436b95,211,38,42,67,107,149
cool black,#002e63,212,100,19,0,46,99
dark pastel blue,#779ecb,212,45,63,119,158,203
french sky blue,#77b5fe,212,99,73,119,181,254
little boy blue,#6ca0dc,212,62,64,108,160,220
maastricht blue,#001c3d,212,100,12,0,28,61
oxford blue,#002147,212,100,14,0,33,71
silver lake blue,#5d89ba,212,40,55,93,137,186
yale blue,#0f4d92,212,81,32,15,77,146
denim,#1560bd,213,80,41,21,96,189
jordy blue,#8ab9f1,213,79,74,138,185,241
brandeis blue,#0070ff,214,100,50,0,112,255
light steel blue,#b0c4de,214,41,78,176,196,222
shadow blue,#778ba5,214,20,56,119,139,165
b'dazzled blue,#2e5894,215,53,38,46,88,148
cobalt blue,#0047ab,215,100,34,0,71,171
cyan cobalt blue,#28589c,215,59,38,40,88,156
light cobalt blue,#88ace0,215,59,71,136,172,224
glaucous,#6082b6,216,37,55,96,130,182
sapphire,#0f52ba,216,85,39,15,82,186
united nations blue,#5b92e5,216,73,63,91,146,229
absolute zero,#0048ba,217,100,37,0,72,186
blue yonder,#5072a7,217,35,48,80,114,167
crayola blue,#1f75fe,217,99,56,31,117,254
vista blue,#7c9ed9,218,55,67,124,158,217
cornflower blue,#6495ed,219,79,66,100,149,237
royal blue,#002366,219,100,20,0,35,102
blueberry,#4f86f7,220,91,64,79,134,247
dark powder blue,#003399,220,100,30,0,51,153
royal azure,#0038a8,220,100,33,0,56,168
smalt,#003399,220,100,30,0,51,153
usaf air force blue,#00308f,220,100,28,0,48,143
catalina blue,#062a78,221,90,25,6,42,120
roman silver,#838996,221,8,55,131,137,150
ucla blue,#536895,221,28,46,83,104,149
yankees blue,#1c2841,221,40,18,28,40,65
ua blue,#0033aa,222,100,33,0,51,170
han blue,#446ccf,223,59,54,68,108,207
international klein blue,#002fa7,223,100,33,0,47,167
new car,#214fc6,223,71,45,33,79,198
cerulean blue,#2a52be,224,64,45,42,82,190
resolution blue,#002387,224,100,26,0,35,135
ryb blue,#0247fe,224,99,50,2,71,254
ceil,#92a1cf,225,39,69,146,161,207
royal blue,#4169e1,225,73,57,65,105,225
egyptian blue,#1034a6,226,82,36,16,52,166
imperial blue,#002395,226,100,29,0,35,149
space cadet,#1d2951,226,47,22,29,41,81
wild blue yonder,#a2add0,226,33,73,162,173,208
denim blue,#2243b6,227,69,42,34,67,182
ultramarine blue,#4166f5,228,90,61,65,102,245
cool grey,#8c92ac,229,16,61,140,146,172
gray-blue,#8c92ac,229,16,61,140,146,172
persian blue,#1c39bb,229,74,42,28,57,187
violet-blue,#324ab2,229,56,45,50,74,178
indigo dye,#091f92,230,88,30,9,31,146
independence,#4c516d,231,18,36,76,81,109
manatee,#979aaa,231,10,63,151,154,170
pantone blue,#0018a8,231,100,33,0,24,168
phthalo blue,#000f89,233,100,27,0,15,137
zaffre,#0014a8,233,100,33,0,20,168
glitter,#e6e8fa,234,67,94,230,232,250
palatinate blue,#273be2,234,76,52,39,59,226
liberty,#545aa7,236,33,49,84,90,167
middle yellow red,#ecb176,236,48,44,166,58,121
purple navy,#4e5180,236,24,40,78,81,128
st. patrick's blue,#23297a,236,55,31,35,41,122
blue,#0000ff,240,100,50,0,0,255
blue bell,#a2a2d0,240,33,73,162,162,208
bluebonnet,#1c1cf0,240,88,53,28,28,240
dark blue,#00008b,240,100,27,0,0,139
dark blue-gray,#666699,240,20,50,102,102,153
deep koamaru,#333366,240,33,30,51,51,102
duke blue,#00009c,240,100,31,0,0,156
ghost white,#f8f8ff,240,100,99,248,248,255
lavender,#e6e6fa,240,67,94,230,230,250
lavender blue,#ccccff,240,100,90,204,204,255
lavender mist,#e6e6fa,240,67,94,230,230,250
maximum blue purple,#acace6,240,54,79,172,172,230
medium blue,#0000cd,240,100,40,0,0,205
midnight blue,#191970,240,64,27,25,25,112
navy,#000080,240,100,25,0,0,128
periwinkle,#ccccff,240,100,90,204,204,255
pigment blue,#333399,240,50,40,51,51,153
very light blue,#6666ff,240,100,70,102,102,255
cosmic cobalt,#2e2d88,241,50,36,46,45,136
rhythm,#777696,242,13,53,119,118,150
ultramarine,#3f00ff,244,87,30,18,10,143
iris,#5a4fcf,245,57,56,90,79,207
lavender gray,#c4c3d0,245,12,79,196,195,208
toolbox,#746cc0,246,40,59,116,108,192
majorelle blue,#6050dc,247,67,59,96,80,220
ocean blue,#4f42b5,247,47,48,79,66,181
dark slate blue,#483d8b,248,39,39,72,61,139
slate blue,#6a5acd,248,53,58,106,90,205
medium slate blue,#7b68ee,249,80,67,123,104,238
soap,#cec8ef,249,55,86,206,200,239
plump purple,#5946b2,251,44,49,89,70,178
interdimensional blue,#360ccc,253,89,42,54,12,204
ube,#8878c3,253,39,62,136,120,195
electric ultramarine,#3f00ff,255,100,50,63,0,255
han purple,#5218fa,255,96,54,82,24,250
pale lavender,#dcd0ff,255,100,91,220,208,255
persian indigo,#32127a,258,74,27,50,18,122
medium purple,#9370db,260,60,65,147,112,219
middle blue purple,#8b72be,260,37,60,139,114,190
pixie powder,#391285,260,76,30,57,18,133
blue-magenta violet,#553592,261,47,39,85,53,146
light pastel purple,#b19cd9,261,45,73,177,156,217
magnolia,#f8f4ff,262,100,98,248,244,255
cyber grape,#58427c,263,31,37,88,66,124
dark pastel purple,#966fd6,263,56,64,150,111,214
spanish violet,#4c2882,264,53,33,76,40,130
lavender indigo,#9457eb,265,79,63,148,87,235
navy purple,#9457eb,265,79,63,148,87,235
electric indigo,#6f00ff,266,100,50,111,0,255
ksu purple,#512888,266,55,33,79,38,131
lavender purple,#967bb6,267,29,60,150,123,182
regalia,#522d80,267,48,34,82,45,128
royal purple,#7851a9,267,35,49,120,81,169
purple mountain majesty,#9678b6,269,30,59,150,120,182
amethyst,#9966cc,270,50,60,153,102,204
dark lavender,#734f96,270,31,45,115,79,150
deep violet,#330066,270,100,20,51,0,102
pale violet,#cc99ff,270,100,80,204,153,255
purple heart,#69359c,270,49,41,105,53,156
rebecca purple,#663399,270,49,40,102,52,153
russian violet,#32174d,270,54,20,50,23,77
violet,#7f00ff,270,100,50,127,0,255
blue-violet,#8a2be2,271,76,53,138,43,226
bright lavender,#bf94e4,272,60,74,191,148,228
grape,#6f2da8,272,58,42,111,45,168
electric violet,#8f00ff,274,100,50,143,0,255
vivid violet,#8f00ff,274,100,50,143,0,255
floral lavender,#b57edc,275,57,68,181,126,220
indigo,#4b0082,275,100,25,75,0,130
mauve,#e0b0ff,276,100,85,224,176,255
rich lavender,#a76bcf,276,51,62,167,107,207
bright purple,#a020f0,277,87,53,160,32,240
veronica,#a020f0,277,87,53,160,32,240
vivid violet,#9f00ff,277,100,50,159,0,255
languid lavender,#d6cadd,278,22,83,214,202,221
french violet,#8806ce,279,94,42,136,6,206
dark orchid,#9932cc,280,61,50,153,50,204
deep lilac,#9955bb,280,43,53,153,85,187
bright ube,#d19fe8,281,61,77,209,159,232
wisteria,#c9a0dc,281,46,75,201,160,220
dark violet,#9400d3,282,100,41,148,0,211
tropical violet,#cda4de,282,47,76,205,164,222
eminence,#6c3082,284,46,35,108,48,130
rich lilac,#b666d2,284,55,61,182,102,210
bright lilac,#d891ef,285,75,75,216,145,239
electric purple,#bf00ff,285,100,50,191,0,255
glossy grape,#ab92b3,285,18,64,171,146,179
purple plum,#9c51b6,285,41,52,156,81,182
heliotrope,#df73ff,286,100,73,223,115,255
ryb violet,#8601af,286,99,35,134,1,175
african violet,#b284be,288,31,63,178,132,190
medium orchid,#ba55d3,288,59,58,186,85,211
munsell purple,#9f00c5,288,100,39,159,0,197
purpureus,#9a4eae,288,38,49,154,78,174
vivid mulberry,#b80ce3,288,90,47,184,12,227
vivid orchid,#cc00ff,288,100,50,204,0,255
english violet,#563c5c,289,21,30,86,60,92
imperial,#602f6b,289,39,30,96,47,107
old heliotrope,#563c5c,289,21,30,86,60,92
pineapple,#563c5c,289,74,19,86,60,13
brilliant lavender,#f4bbff,290,100,87,244,187,255
electric lavender,#f4bbff,290,100,87,244,187,255
french lilac,#86608e,290,19,47,134,96,142
maximum purple,#733380,290,43,35,115,51,128
pomp and power,#86608e,290,19,47,134,96,142
dark purple,#301934,291,35,15,48,25,52
rich brilliant lavender,#f1a7fe,291,98,83,241,167,254
phlox,#df00ff,292,100,50,223,0,255
psychedelic purple,#df00ff,292,100,50,223,0,255
heliotrope magenta,#aa00bb,295,100,37,170,0,187
pastel purple,#b39eb5,295,13,66,179,158,181
chinese violet,#856088,296,17,45,133,96,136
bright orchid,#ee82ee,300,76,72,238,130,238
crayola fuchsia,#c154c1,300,47,54,193,84,193
crayola shocking pink,#ff6fff,300,100,72,255,111,255
dark magenta,#8b008b,300,100,27,139,0,139
deep fuchsia,#c154c1,300,47,54,193,84,193
deep magenta,#cc00cc,300,100,40,204,0,204
deep mauve,#d473d4,300,53,64,212,115,212
french mauve,#d473d4,300,53,64,212,115,212
fuchsia,#ff00ff,300,100,50,255,0,255
fuchsia pink,#ff77ff,300,100,73,255,119,255
lavender magenta,#ee82ee,300,76,72,238,130,238
light grayish magenta,#cc99cc,300,33,70,204,153,204
lilac,#c8a2c8,300,26,71,200,162,200
magenta,#ff00ff,300,100,50,255,0,255
medium lavender magenta,#dda0dd,300,47,75,221,160,221
midnight,#702670,300,49,29,112,38,112
pale plum,#dda0dd,300,47,75,221,160,221
patriarch,#800080,300,100,25,128,0,128
pink flamingo,#fc74fd,300,97,72,252,116,253
plum,#dda0dd,300,47,75,221,160,221
purple,#800080,300,100,25,128,0,128
raisin black,#242124,300,4,14,36,33,36
steel pink,#cc33cc,300,60,50,204,51,204
thistle,#d8bfd8,300,24,80,216,191,216
ultra pink,#ff6fff,300,100,72,255,111,255
mardi gras,#880085,301,100,27,136,0,133
orchid,#da70d6,302,59,65,218,112,214
pastel violet,#cb99c9,302,32,70,203,153,201
heliotrope gray,#aa98a9,303,10,63,170,152,168
rose quartz,#aa98a9,303,10,63,170,152,169
old lavender,#796878,304,8,44,121,104,120
light fuchsia pink,#f984ef,305,91,75,249,132,239
cool deep lilac,#8e4585,307,35,41,142,69,133
japanese violet,#5b3256,307,29,28,91,50,86
palatinate purple,#682860,308,44,28,104,40,96
razzmic berry,#8d4e85,308,29,43,141,78,133
light medium orchid,#d39bcb,309,39,72,211,155,203
pale magenta,#f984e5,310,91,75,249,132,229
byzantine,#bd33a4,311,58,47,189,51,164
byzantium,#702963,311,46,30,112,41,99
lilac luster,#ae98aa,311,12,64,174,152,170
pink lavender,#d8b2d1,311,33,77,216,178,209
purple taupe,#50404d,311,11,28,80,64,77
purple pizzazz,#fe4eda,312,99,65,254,78,218
hot magenta,#ff1dce,313,100,56,255,29,206
quartz,#51484f,313,6,30,81,72,79
dark byzantium,#5d3954,315,24,29,93,57,84
light orchid,#e6a8d7,315,55,78,230,168,215
razzle dazzle rose,#ff33cc,315,100,60,255,51,204
shocking pink,#fc0fc0,315,98,52,252,15,192
antique fuchsia,#915c83,316,22,46,145,92,131
lavender rose,#fba0e3,316,92,81,251,160,227
pearly purple,#b768a2,316,35,56,183,104,162
light deep pink,#ff5ccd,318,100,68,255,92,205
shampoo,#ffcff1,318,100,91,255,207,241
opera mauve,#b784a7,319,26,62,183,132,167
pink lace,#ffddf4,319,100,93,255,221,244
fandango,#b53389,320,56,45,181,51,137
fashion fuchsia,#f400a1,320,100,48,244,0,161
flirt,#a2006d,320,100,32,162,0,109
hollywood cerise,#f400a1,320,100,48,244,0,161
rose pink,#ff66cc,320,100,70,255,102,204
sky magenta,#cf71af,320,49,63,207,113,175
taupe gray,#8b8589,320,3,53,139,133,137
royal fuchsia,#ca2c92,321,64,48,202,44,146
frostbite,#e936a7,322,80,56,233,54,167
medium violet-red,#c71585,322,81,43,199,21,133
red-violet,#c71585,322,81,43,199,21,133
halayà úbe,#663854,323,29,31,102,55,84
mountbatten pink,#997a8d,323,13,54,153,122,141
super pink,#cf6ba9,323,51,62,207,107,169
medium red-violet,#bb3385,324,57,47,187,51,133
pink pearl,#e7accf,324,55,79,231,172,207
princess perfume,#ff85cf,324,100,76,255,133,207
french plum,#811453,325,73,29,129,20,83
imperial purple,#66023c,325,96,20,102,2,60
magenta-pink,#cc338b,325,60,50,204,51,139
maximum red purple,#a63a79,325,48,44,166,58,121
middle purple,#d982b5,325,53,68,217,130,181
sugar plum,#914e75,325,30,44,145,78,117
tyrian purple,#66023c,325,96,20,102,2,60
classic rose,#fbcce7,326,85,89,251,204,231
light hot pink,#ffb3de,326,100,85,255,179,222
persian rose,#fe28a2,326,99,58,254,40,162
process magenta,#ff0090,326,100,50,255,0,144
barbie pink,#e0218a,327,75,50,224,33,138
magenta haze,#9f4576,327,39,45,159,69,118
mexican pink,#e4007c,327,100,45,228,0,124
amaranth deep purple,#9f2b68,328,57,40,159,43,104
boysenberry,#873260,328,46,36,135,50,96
deep pink,#ff1493,328,100,54,255,20,147
dye magenta,#ca1f7b,328,73,46,202,31,123
fluorescent pink,#ff1493,328,100,54,255,20,147
jazzberry jam,#a50b5e,328,88,35,165,11,94
mulberry,#c54b8c,328,51,53,197,75,140
pantone pink,#d74894,328,64,56,215,72,148
red-purple,#e40078,328,100,45,228,0,120
vivid cerise,#da1d81,328,77,48,218,29,129
eggplant,#614051,329,20,32,97,64,81
kobi,#e79fc4,329,60,76,231,159,196
mystic maroon,#ad4379,329,44,47,173,67,121
pansy purple,#78184a,329,67,28,120,24,74
persian pink,#f77fbe,329,88,73,247,127,190
smitten,#c84186,329,55,52,200,65,134
twilight lavender,#8a496b,329,31,41,138,73,107
wild strawberry,#ff43a4,329,100,63,255,67,164
bright pink,#ff007f,330,100,50,255,0,127
dark liver,#534b4f,330,5,31,83,75,79
dark raspberry,#872657,330,56,34,135,38,87
deep cerise,#da3287,330,69,53,218,50,135
hot pink,#ff69b4,330,100,71,255,105,180
pale magenta-pink,#ff99cc,330,100,80,255,153,204
raspberry pink,#e25098,330,72,60,226,80,152
rose,#ff007f,330,100,50,255,0,127
rose bonbon,#f9429e,330,94,62,249,66,158
wild orchid,#d470a2,330,54,64,212,112,162
winter sky,#ff007c,331,100,50,255,0,124
brilliant rose,#ff55a3,332,100,67,255,85,163
crayola magenta,#ff55a3,332,100,67,255,85,163
lavender pink,#fbaed2,332,91,83,251,174,210
china pink,#de6fa1,333,63,65,222,111,161
fuchsia purple,#cc397b,333,59,51,204,57,123
liseran purple,#de6fa1,333,63,65,222,111,161
pastel magenta,#f49ac2,333,80,78,244,154,194
thulian pink,#de6fa1,333,63,65,222,111,161
cotton candy,#ffbcd9,334,100,87,255,188,217
french fuchsia,#fd3f92,334,98,62,253,63,146
pantone magenta,#d0417e,334,60,54,208,65,126
telemagenta,#cf3476,334,62,51,207,52,118
dogwood rose,#d71868,335,80,47,215,24,104
rubine red,#d10056,335,100,41,209,0,86
vivid raspberry,#ff006c,335,100,50,255,0,108
carnation pink,#ffa6c9,336,100,83,255,166,201
cerise pink,#ec3b83,336,82,58,236,59,131
deep ruby,#843f5b,336,35,38,132,63,91
mimi pink,#ffdae9,336,100,93,255,218,233
old mauve,#673147,336,36,30,103,49,71
queen pink,#e8ccd7,336,38,85,232,204,215
violet-red,#f75394,336,91,65,247,83,148
wine dregs,#673147,336,36,30,103,49,71
fuchsia rose,#c74375,337,54,52,199,67,117
medium ruby,#aa4069,337,45,46,170,64,105
raspberry,#e30b5d,337,91,47,227,11,92
ruby,#e0115f,337,86,47,224,17,95
amaranth pink,#f19cbb,338,75,78,241,156,187
english lavender,#b48395,338,25,61,180,131,149
fandango pink,#de5285,338,68,60,222,82,133
french rose,#f64a8a,338,91,63,246,74,138
irresistible,#b3446c,338,45,48,179,68,108
mystic,#d65282,338,62,58,214,82,130
pictorial carmine,#c30b4e,338,89,40,195,11,78
quinacridone magenta,#8e3a59,338,42,39,142,58,89
raspberry rose,#b3446c,338,45,48,179,68,108
razzmatazz,#e3256b,338,77,52,227,37,107
rich maroon,#b03060,338,57,44,176,48,96
debian red,#d70a53,339,91,44,215,10,83
french pink,#fd6c9e,339,97,71,253,108,158
nadeshiko pink,#f6adc6,339,80,82,246,173,198
pink raspberry,#980036,339,100,30,152,0,54
ruber,#ce4676,339,58,54,206,70,118
ua red,#d9004c,339,100,43,217,0,76
cameo pink,#efbbcc,340,62,84,239,187,204
charm pink,#e68fac,340,64,73,230,143,172
china rose,#a8516e,340,35,49,168,81,110
lavender blush,#fff0f5,340,100,97,255,240,245
light thulian pink,#e68fac,340,64,73,230,143,172
pale red-violet,#db7093,340,60,65,219,112,147
pale violet-red,#db7093,340,60,65,219,112,147
rose red,#c21e56,340,73,44,194,30,86
spanish carmine,#d10047,340,100,41,209,0,71
folly,#ff004f,341,100,50,255,0,79
sasquatch socks,#ff4681,341,100,64,255,70,129
strawberry,#fc5a8d,341,96,67,252,90,141
amaranth purple,#ab274f,342,63,41,171,39,79
blush,#de5d83,342,66,62,222,93,131
dark pink,#e75480,342,75,62,231,84,128
deep tuscan red,#66424d,342,21,33,102,66,77
m&p carmine,#d70040,342,100,42,215,0,64
orchid pink,#f2bdcd,342,67,85,242,189,205
rich carmine,#d70040,342,100,42,215,0,64
tickle me pink,#fc89ac,342,95,76,252,137,172
utah crimson,#d3003f,342,100,41,211,0,63
cerise,#de3163,343,72,53,222,49,99
cherry,#de3163,343,72,53,222,49,99
cinnamon satin,#cd607e,343,52,59,205,96,126
claret,#7f1734,343,69,29,127,23,52
light crimson,#f56991,343,88,69,245,105,145
mauve taupe,#915f6d,343,21,47,145,95,109
piggy pink,#fddde6,343,89,93,253,221,230
raspberry glace,#915f6d,343,21,47,145,95,109
baker-miller pink,#ff91af,344,100,78,255,145,175
crimson glory,#be0032,344,100,37,190,0,50
dark scarlet,#560319,344,93,17,86,3,25
flamingo pink,#fc8eac,344,95,77,252,142,172
french wine,#ac1e44,344,70,40,172,30,68
rose dust,#9e5e6f,344,25,49,158,94,111
schauss pink,#ff91af,344,100,78,255,145,175
vanilla ice,#f38fa9,344,81,76,243,143,169
big dip o’ruby,#9c2542,345,62,38,156,37,66
burgundy,#800020,345,100,25,128,0,32
electric crimson,#ff003f,345,100,50,255,0,63
munsell red,#f2003c,345,100,47,242,0,60
ncs red,#c40233,345,98,39,196,2,51
puce,#cc8899,345,40,67,204,136,153
spanish crimson,#e51a4c,345,80,50,229,26,76
vivid crimson,#cc0033,345,100,40,204,0,51
alabama crimson,#af002a,346,100,34,175,0,42
alabaster,#f2f0e6,346,32,93,242,240,230
american rose,#ff033e,346,100,51,255,3,62
bright maroon,#c32148,346,71,45,195,33,72
crayola maroon,#c32148,346,71,45,195,33,72
pink sherbet,#f78fa7,346,87,76,247,143,167
carmine red,#ff0038,347,100,50,255,0,56
crayola red,#ee204d,347,86,53,238,32,77
deep carmine,#a9203e,347,68,39,169,32,62
dingy dungeon,#c53151,347,60,48,197,49,81
paradise pink,#e63e62,347,77,57,230,62,98
turkish rose,#b57281,347,31,58,181,114,129
amaranth,#e52b50,348,78,53,229,43,80
brink pink,#fb607f,348,95,68,251,96,127
catawba,#703642,348,35,33,112,54,66
cherry blossom pink,#ffb7c5,348,100,86,255,183,197
crimson,#dc143c,348,83,47,220,20,60
infra red,#ff496c,348,100,64,255,73,108
mauvelous,#ef98aa,348,73,77,239,152,170
radical red,#ff355e,348,100,60,255,53,94
black shadows,#bfafb2,349,11,72,191,175,178
bubble gum,#ffc1cc,349,100,88,255,193,204
french raspberry,#c72c48,349,64,48,199,44,72
magic potion,#ff4466,349,100,63,255,68,102
neon fuchsia,#fe4164,349,99,63,254,65,100
shimmering blush,#d98695,349,52,69,217,134,149
vivid burgundy,#9f1d35,349,69,37,159,29,53
antique ruby,#841b2d,350,66,31,132,27,45
cardinal,#c41e3a,350,73,44,196,30,58
carmine,#960018,350,100,29,150,0,24
fiery rose,#ff5470,350,100,67,255,84,112
medium candy apple red,#e2062c,350,95,45,226,6,44
pink,#ffc0cb,350,100,88,255,192,203
popstar,#be4f62,350,46,53,190,79,98
salmon pink,#ff91a4,350,100,78,255,145,164
scarlet,#fd0e35,350,98,52,253,14,53
spanish red,#e60026,350,100,45,230,0,38
tractor red,#fd0e35,350,98,52,253,14,53
ultra red,#fc6c85,350,96,71,252,108,133
wild watermelon,#fc6c85,350,96,71,252,108,133
cadmium red,#e30022,351,100,45,227,0,34
deep puce,#a95c68,351,31,51,169,92,104
light pink,#ffb6c1,351,100,86,255,182,193
rose gold,#b76e79,351,34,57,183,110,121
ruddy,#ff0028,351,100,50,255,0,40
sizzling red,#ff3855,351,100,61,255,56,85
brick red,#cb4154,352,57,53,203,65,84
desire,#ea3c53,352,81,58,234,60,83
rusty red,#da2c43,352,70,51,218,44,67
solid pink,#893843,352,42,38,137,56,67
bazaar,#98777b,353,14,53,152,119,123
dark terra cotta,#cc4e5c,353,55,55,204,78,92
harvard crimson,#c90016,353,100,39,201,0,22
parrot pink,#d998a0,353,46,72,217,152,160
puce red,#722f37,353,42,32,114,47,55
red devil,#860111,353,99,26,134,1,17
rosewood,#65000b,353,100,20,101,0,11
wine,#722f37,353,42,32,114,47,55
dark puce,#4f3a3c,354,15,27,79,58,60
pale pink,#fadadd,354,76,92,250,218,221
ruby red,#9b111e,354,80,34,155,17,30
ruddy pink,#e18e96,354,58,72,225,142,150
alizarin crimson,#e32636,355,77,52,227,38,54
begonia,#fa6e79,355,93,71,250,110,121
candy pink,#e4717a,355,68,67,228,113,122
cordovan,#893f45,355,37,39,137,63,69
imperial red,#ed2939,355,84,55,237,41,57
japanese carmine,#9d2933,355,59,39,157,41,51
lava,#cf1020,355,86,44,207,16,32
light carmine pink,#e66771,355,72,65,230,103,113
pantone red,#ed2939,355,84,55,237,41,57
red salsa,#fd3a4a,355,98,61,253,58,74
rocket metallic,#8a7f80,355,4,52,138,127,128
rose madder,#e32636,355,77,52,227,38,54
tango pink,#e4717a,355,68,67,228,113,122
amaranth red,#d3212d,356,73,48,211,33,45
amazonite,#00c4b0,356,100,38,0,196,176
deep taupe,#7e5e60,356,15,43,126,94,96
english red,#ab4b52,356,39,48,171,75,82
sangria,#92000a,356,100,29,146,0,10
sunburnt cyclops,#ff404c,356,100,63,255,64,76
upsdell red,#ae2029,356,69,40,174,32,41
venetian red,#c80815,356,92,41,200,8,21
deep carmine pink,#ef3038,357,86,56,239,48,56
fire engine red,#ce2029,357,73,47,206,32,41
ku crimson,#e8000d,357,100,45,232,0,13
rose vale,#ab4e52,357,37,49,171,78,82
smoky topaz,#933d41,357,41,41,147,61,65
tulip,#ff878d,357,100,76,255,135,141
vivid red,#f70d1a,357,94,51,247,13,26
english vermillion,#cc474b,358,57,54,204,71,75
pale chestnut,#ddadaf,358,41,77,221,173,175
pigment red,#ed1c24,358,85,52,237,28,36
bittersweet shimmer,#bf4f51,359,47,53,191,79,81
bulgarian rose,#480607,359,85,15,72,6,7
jasper,#d73b3e,359,66,54,215,59,62
madder lake,#cc3336,359,60,50,204,51,54
old rose,#c08081,359,34,63,192,128,129
spartan crimson,#9e1316,359,79,35,158,19,22
up maroon,#7b1113,359,76,27,123,17,19