Name,Hex,Red (R),Green (G),Blue (B),HSL.H (deg),HSL.S (%),HSL.L (%)
auburn,#a52a2a,165,42,42,0,59,41
baby pink,#f4c2c2,244,194,194,0,69,86
black,#000000,0,0,0,0,0,0
boston university red,#cc0000,204,0,0,0,100,40
bright gray,#d3d3d3,211,211,211,0,0,83
brown,#a52a2a,165,42,42,0,59,41
carnelian,#b31b1b,179,27,27,0,74,40
copper rose,#996666,153,102,102,0,20,50
coral red,#ff4040,255,64,64,0,100,63
cornell red,#b31b1b,179,27,27,0,74,40
crimson red,#990000,153,0,0,0,100,30
cultured,#f5f5f5,245,245,245,0,0,96
cyclamen,#f56fa1,245,111,161,0,87,70
dark candy apple red,#a40000,164,0,0,0,100,32
dark gray,#a9a9a9,169,169,169,0,0,66
dark medium gray,#a9a9a9,169,169,169,0,0,66
dark red,#8b0000,139,0,0,0,100,27
dark sienna,#3c1414,60,20,20,0,50,16
davy's grey,#555555,85,85,85,0,0,33
deep maroon,#820000,130,0,0,0,100,26
deep red,#850101,133,1,1,0,99,26
dim gray,#696969,105,105,105,0,0,41
eerie black,#1b1b1b,27,27,27,0,0,11
falu red,#801818,128,24,24,0,68,30
firebrick,#b22222,178,34,34,0,68,42
fuzzy wuzzy,#cc6666,204,102,102,0,50,60
gainsboro,#dcdcdc,220,220,220,0,0,86
granite gray,#676767,103,103,103,0,0,40
gray,#808080,128,128,128,0,0,50
indian red,#cd5c5c,205,92,92,0,53,58
jet,#343434,52,52,52,0,0,20
light coral,#f08080,240,128,128,0,79,72
light gray,#bebebe,190,190,190,0,0,75
light salmon pink,#ff9999,255,153,153,0,100,80
lust,#e62020,230,32,32,0,80,51
maroon (html/css),#800000,128,0,0,0,100,25
maximum red,#d92121,217,33,33,0,74,49
medium gray,#808080,128,128,128,0,0,50
ou crimson red,#990000,153,0,0,0,100,30
permanent geranium lake,#e12c2c,225,44,44,0,75,53
persian plum,#701c1c,112,28,28,0,60,27
persian red,#cc3333,204,51,51,0,60,50
prune,#701c1c,112,28,28,0,60,27
quick silver,#a6a6a6,166,166,166,0,0,65
red,#ff0000,255,0,0,0,100,50
red-brown,#a52a2a,165,42,42,0,59,41
registration black,#000000,0,0,0,0,0,0
rose taupe,#905d5d,144,93,93,0,22,46
rosso corsa,#d40000,212,0,0,0,100,42
rosy brown,#bc8f8f,188,143,143,0,25,65
seal brown,#59260b,50,20,20,0,43,14
silver,#c0c0c0,192,192,192,0,0,75
silver chalice,#acacac,172,172,172,0,0,67
snow,#fffafa,255,250,250,0,100,99
sonic silver,#757575,117,117,117,0,0,46
spanish gray,#989898,152,152,152,0,0,60
stizza,#990000,153,0,0,0,100,30
tea rose,#f4c2c2,244,194,194,0,69,86
trolley grey,#808080,128,128,128,0,0,50
tuscan red,#7c4848,124,72,72,0,27,38
tuscany,#c09999,192,153,153,0,24,68
usc cardinal,#990000,153,0,0,0,100,30
white,#ffffff,255,255,255,0,0,100
white smoke,#f5f5f5,245,245,245,0,0,96
deep coffee,#704241,112,66,65,1,27,35
pastel pink,#dea5a4,222,165,164,1,47,76
roast coffee,#704241,112,66,65,1,27,35
spanish pink,#f7bfbe,247,191,190,1,78,86
candy apple red,#ff0800,255,8,0,2,100,50
tart orange,#fb4d46,251,77,70,2,96,63
vivid auburn,#922724,146,39,36,2,60,36
deep chestnut,#b94e48,185,78,72,3,45,50
engineering international orange,#ba160c,186,22,12,3,88,39
new york pink,#d7837f,215,131,127,3,52,67
pastel red,#ff6961,255,105,97,3,100,69
red-orange,#ff5349,255,83,73,3,100,64
silver pink,#c4aead,196,174,173,3,16,72
sweet brown,#a83731,168,55,49,3,55,43
barn red,#7c0a02,124,10,2,4,97,25
carmine pink,#eb4c42,235,76,66,4,81,59
cg red,#e03c31,224,60,49,4,74,54
golden gate bridge international orange,#c0362c,192,54,44,4,63,46
mordant red 19,#ae0c00,174,12,0,4,100,34
rose ebony,#674846,103,72,70,4,19,34
sunset orange,#fd5e53,253,94,83,4,98,66
cinnabar,#e34234,227,66,52,5,76,55
congo pink,#f88379,248,131,121,5,90,72
copper penny,#ad6f69,173,111,105,5,29,55
coral pink,#f88379,248,131,121,5,90,72
medium carmine,#af4035,175,64,53,5,54,45
pale carmine,#af4035,175,64,53,5,54,45
ryb red,#fe2712,254,39,18,5,99,53
tea rose,#f88379,248,131,121,5,90,72
vermilion,#e34234,227,66,52,5,76,55
bittersweet,#fe6f5e,254,111,94,6,99,68
coral reef,#fd7c6e,253,124,110,6,97,71
dust storm,#e5ccc9,229,204,201,6,35,84
giant's club,#b05c52,176,92,82,6,37,51
licorice,#1a1110,26,17,16,6,24,8
misty rose,#ffe4e1,255,228,225,6,100,94
ogre odor,#fd5240,253,82,64,6,98,62
old burgundy,#43302e,67,48,46,6,19,22
redwood,#a45a52,164,90,82,6,33,48
salmon,#fa8072,250,128,114,6,93,71
caput mortuum,#592720,89,39,32,7,47,24
melon,#fdbcb4,253,188,180,7,95,85
wenge,#645452,100,84,82,7,10,36
burnished brown,#a17a74,161,122,116,8,19,54
cedar chest,#c95a49,201,90,73,8,54,54
jelly bean,#da614e,218,97,78,8,65,58
rufous,#a81c07,168,28,7,8,92,34
scarlet,#ff2400,255,36,0,8,100,50
vermilion,#d9381e,217,56,30,8,76,48
bole,#79443b,121,68,59,9,34,35
burnt umber,#8a3324,138,51,36,9,59,34
dark pastel red,#c23b22,194,59,34,9,70,45
ferrari red,#ff2800,255,40,0,9,100,50
liver,#674c47,103,76,71,9,18,34
medium taupe,#674c47,103,76,71,9,18,34
medium tuscan red,#79443b,121,68,59,9,34,35
tomato,#ff6347,255,99,71,9,100,64
black bean,#3d0c02,61,12,2,10,94,12
chestnut,#954535,149,69,53,10,48,40
dark chestnut,#986960,152,105,96,10,23,49
dark coral,#cd5b45,205,91,69,10,58,54
heidelberg red,#960018,150,0,24,10,100,29
orange soda,#fa5b3d,250,91,61,10,95,61
terra cotta,#e2725b,226,114,91,10,70,62
chinese red,#aa381e,170,56,30,11,70,39
french puce,#4e1609,78,22,9,11,79,17
portland orange,#ff5a36,255,90,54,11,100,61
blast-off bronze,#a57164,165,113,100,12,27,52
cinereous,#98817b,152,129,123,12,12,54
kenyan copper,#7c1c05,124,28,5,12,92,25
kobe,#882d17,136,45,23,12,71,31
organ liver,#6c2e1f,108,46,31,12,55,27
outrageous orange,#ff6e4a,255,110,74,12,100,65
sienna,#882d17,136,45,23,12,71,31
vivid tangerine,#ffa089,255,160,137,12,100,77
coquelicot,#ff3800,255,56,0,13,100,50
burnt sienna,#e97451,233,116,81,14,78,62
copper red,#cb6d51,203,109,81,14,54,56
light red ochre,#e97451,233,116,81,14,78,62
medium vermilion,#d9603b,217,96,59,14,68,54
dark salmon,#e9967a,233,150,122,15,72,70
middle red,#e58e73,229,144,115,15,69,68
orioles orange,#fb4f14,251,79,20,15,97,53
smokey topaz,#832a0d,131,42,34,15,59,32
coral,#ff7f50,255,127,80,16,100,66
giants orange,#fe5a1d,254,90,29,16,99,55
orange-red,#ff4500,255,69,0,16,100,50
smashed pumpkin,#ff6d3a,255,109,58,16,100,61
flame,#e25822,226,88,34,17,77,51
light salmon,#ffa07a,255,160,122,17,100,74
sinopia,#cb410b,203,65,11,17,90,42
spicy mix,#8b5f4d,139,95,77,17,29,42
crayola copper,#da8a67,218,138,103,18,61,63
mandarin,#f37a48,243,122,72,18,88,62
crayola orange,#ff7538,255,117,56,18,100,61
pale copper,#da8a67,218,138,103,18,61,63
rust,#b7410e,183,65,14,18,86,39
vivid orange peel,#ffa000,255,160,0,18,100,50
coconut,#965a3e,150,90,62,19,42,42
deep carrot orange,#e9692c,233,105,44,19,81,54
aerospace international orange,#ff4f00,255,79,0,19,100,50
tangelo,#f94d00,249,77,0,19,100,49
vivid vermilion,#e56024,229,96,36,19,79,52
atomic tangerine,#ff9966,255,153,102,20,100,70
brown sugar,#af6e4d,175,110,77,20,39,49
mahogany,#c04000,192,64,0,20,100,38
mango tango,#ff8243,255,130,67,20,100,63
pink-orange,#ff9966,255,153,102,20,100,70
vivid red-tangelo,#df6124,223,97,36,20,75,51
pantone orange,#ff5800,255,88,0,21,100,50
pale silver,#c9c0bb,201,192,187,21,11,76
umber,#635147,99,81,71,21,16,33
willpower orange,#fd5800,253,88,0,21,100,50
antique brass,#cd9575,205,149,117,22,47,63
beaver,#9f8170,159,129,112,22,20,53
big foot feet,#e88e5a,232,142,90,22,76,63
persimmon,#ec5800,236,88,0,22,100,46
unbleached silk,#ffddca,255,221,202,22,100,90
vivid orange,#ff5f00,255,95,0,22,100,50
vivid tangelo,#f07427,240,116,39,23,87,55
zinnwaldite brown,#2c1608,44,22,8,23,69,10
apricot,#fbceb1,251,206,177,24,90,84
bistre,#3d2b1f,61,43,31,24,33,18
dark brown-tangelo,#88654e,136,101,78,24,27,42
pumpkin,#ff7518,255,117,24,24,100,55
raw sienna,#d68a59,214,138,89,24,60,59
blaze orange,#ff6700,255,103,0,24,100,50
tumbleweed,#deaa88,222,170,136,24,57,70
burnt orange,#cc5500,204,85,0,25,100,40
champagne pink,#f1ddcf,241,221,207,25,55,88
chocolate,#d2691e,210,105,30,25,75,47
cinnamon,#d2691e,210,105,30,25,75,47
cocoa brown,#d2691e,210,105,30,25,75,47
coffee,#6f4e37,111,78,55,25,34,33
desert sand,#edc9af,237,201,175,25,63,81
pale taupe,#bc987e,188,152,126,25,32,62
ruddy brown,#bb6528,187,101,40,25,65,45
saddle brown,#8b4513,139,69,19,25,76,31
seashell,#fff5ee,255,245,238,25,100,97
spanish orange,#e86100,232,97,0,25,100,45
tenné,#cd5700,205,87,0,25,100,40
tawny,#cd5700,205,87,0,25,100,40
tuscan brown,#6f4e37,111,78,55,25,34,33
van dyke brown,#664228,102,66,40,25,44,28
very light tangelo,#ffb077,255,176,119,25,100,73
café au lait,#a67b5b,166,123,91,26,30,50
chamoisee,#a0785a,160,120,90,26,28,49
deep peach,#ffcba4,255,203,164,26,100,82
french beige,#a67b5b,166,123,91,26,30,50
light taupe,#b38b6d,179,139,109,26,32,56
peach,#ffcba4,255,203,164,26,100,82
persian orange,#d99058,217,144,88,26,63,60
princeton orange,#f58025,245,128,37,26,91,55
russet,#80461b,128,70,27,26,65,30
tuscan tan,#a67b5b,166,123,91,26,30,50
alloy orange,#c46210,196,98,16,27,85,42
dark lava,#483c32,72,60,50,27,18,24
dark taupe,#483c32,72,60,50,27,18,24
liver chestnut,#987456,152,116,86,27,28,47
macaroni and cheese,#ffbd88,255,189,136,27,100,77
taupe,#483c32,72,60,50,27,18,24
brown-nose,#6b4423,107,68,35,28,51,28
cadmium orange,#ed872d,237,135,45,28,84,55
deer,#ba8759,186,135,89,28,41,54
feldspar,#fdd5b1,253,213,177,28,95,84
flattery,#6b4423,107,68,35,28,51,28
kobicha,#6b4423,107,68,35,28,51,28
light apricot,#fdd5b1,253,213,177,28,95,84
light brown,#b5651d,181,101,29,28,72,41
lumber,#ffe4cd,255,228,205,28,100,90
pastel brown,#836953,130,105,83,28,22,42
peach puff,#ffdab9,255,218,185,28,100,86
safety orange,#ff7800,255,120,0,28,100,50
sandy brown,#f4a460,244,164,96,28,87,67
copper,#b87333,184,115,51,29,57,46
dirt,#9b7653,155,118,83,29,30,47
heat wave,#ff7a00,255,122,0,29,100,50
dogs liver,#b86d29,184,109,41,29,64,44
rajah,#fbab60,251,171,96,29,95,68
almond,#efdecd,239,222,205,30,52,87
bronze,#cd7f32,205,127,50,30,61,50
brown yellow,#cc9966,204,153,102,30,50,60
café noir,#4b3621,75,54,33,30,39,21
dark brown,#654321,101,67,33,30,51,26
deep saffron,#ff9933,255,153,51,30,100,60
ece amber,#ff7e00,255,126,0,30,100,50
fawn,#e5aa70,229,170,112,30,69,67
isabelline,#f4f0ec,244,240,236,30,27,94
linen,#faf0e6,250,240,230,30,67,94
mellow apricot,#f8b878,248,184,120,30,90,72
ochre,#cc7722,204,119,34,30,71,47
color wheel orange,#ff7f00,255,127,0,30,100,50
otter brown,#654321,101,67,33,30,51,26
pale brown,#987654,152,118,84,30,29,46
peach-orange,#ffcc99,255,204,153,30,100,80
peru,#cd853f,205,133,63,30,59,53
sae amber,#ff7e00,255,126,0,30,100,50
sandy tan,#fdd9b5,253,217,181,30,95,85
sepia,#704214,112,66,20,30,70,26
smoky black,#100c08,16,12,8,30,33,5
tiger's eye,#e08d3c,224,141,60,30,73,56
traditional brown,#964b00,150,75,0,30,100,29
very pale orange,#ffdfbf,255,223,191,30,100,88
windsor tan,#a75502,167,85,2,30,98,33
neon carrot,#ffa343,255,163,67,31,100,63
traditional chocolate,#7b3f00,123,63,0,31,100,24
university of tennessee orange,#f77f00,247,127,0,31,100,48
dark vanilla,#d1bea8,209,190,168,32,31,74
bisque,#ffe4c4,255,228,196,33,100,88
camel,#c19a6b,193,154,107,33,41,59
carrot orange,#ed9121,237,145,33,33,85,53
dark orange,#ff8c00,255,140,0,33,100,50
desert,#c19a6b,193,154,107,33,41,59
fallow,#c19a6b,193,154,107,33,41,59
loeen(lopen)look/vomit+indogo+lopen+gabriel,#15f2fd,123,154,200,33,41,63
pullman brown,#644117,100,65,23,33,63,24
raw umber,#826644,130,102,68,33,31,39
tangerine,#f28500,242,133,0,33,100,47
timberwolf,#dbd7d2,219,215,210,33,11,84
wood brown,#c19a6b,193,154,107,33,41,59
antique white,#faebd7,250,235,215,34,78,91
burlywood,#deb887,222,184,135,34,57,70
earth yellow,#e1a95f,225,169,95,34,68,63
french bistre,#856d4d,133,109,77,34,27,41
ginger,#b06500,176,101,0,34,100,35
grizzly,#885818,136,88,24,34,70,31
grullo,#a99a86,169,154,134,34,17,59
moccasin,#faebd7,250,235,215,34,78,91
pale gold,#e6be8a,230,190,138,34,65,72
tan,#d2b48c,210,180,140,34,44,69
yellow orange,#ffae42,255,174,66,34,100,63
deep champagne,#fad6a5,250,214,165,35,90,81
donkey brown,#664c28,102,76,40,35,44,28
fulvous,#e48400,228,132,0,35,100,45
indian yellow,#e3a857,227,168,87,35,71,62
pastel orange,#ffb347,255,179,71,35,100,64
sunset,#fad6a5,250,214,165,35,89,81
topaz,#ffc87c,255,200,124,35,100,74
tuscan,#fad6a5,250,214,165,35,89,81
blanched almond,#ffebcd,255,235,205,36,100,90
golden brown,#996515,153,101,21,36,76,34
navajo white,#ffdead,255,222,173,36,100,84
ryb orange,#fb9902,251,153,2,36,98,50
sunray,#e3ab57,227,171,87,36,71,62
vivid gamboge,#ff9900,255,153,0,36,100,50
champagne,#f7e7ce,247,231,206,37,72,89
crayola bright yellow,#ffaa1d,255,170,29,37,100,56
khaki,#c3b091,195,176,145,37,29,67
orange peel,#ff9f00,255,159,0,37,100,50
papaya whip,#ffefd5,255,239,213,37,100,92
shadow,#8a795d,138,121,93,37,19,45
aztec gold,#c39953,195,153,83,38,48,55
dark tangerine,#ffa812,255,168,18,38,100,54
light french beige,#c8ad7f,200,173,127,38,40,64
bone,#e3dac9,227,218,201,39,32,84
chrome yellow,#ffa700,255,167,0,39,100,50
gamboge,#e49b0f,228,155,15,39,88,48
marigold,#eaa221,234,162,33,39,83,52
old lace,#fdf5e6,253,245,230,39,85,95
orange,#ffa500,255,165,0,39,100,50
peach,#ffe5b4,255,229,180,39,100,85
peach-yellow,#fadfad,250,223,173,39,89,83
wheat,#f5deb3,245,222,179,39,77,83
floral white,#fffaf0,255,250,240,40,100,97
gamboge orange brown,#996600,152,102,0,40,100,30
harvest gold,#da9100,218,145,0,40,100,43
maximum yellow red,#f2ba49,242,186,73,40,87,62
platinum,#e5e4e2,229,228,226,40,5,89
university of california gold,#b78727,183,135,39,40,65,44
metallic sunburst,#9c7c38,156,124,56,41,47,42
dutch white,#efdfbb,239,223,187,42,62,84
field drab,#6c541e,108,84,30,42,57,27
pearl,#eae0c8,234,224,200,42,45,85
ucla gold,#ffb300,255,179,0,42,100,50
banana mania,#fae7b5,250,231,181,43,87,85
bistre brown,#967117,150,113,23,43,73,34
cosmic latte,#fff8e7,255,248,231,43,100,95
dark goldenrod,#b8860b,184,134,11,43,89,38
drab,#967117,150,113,23,43,73,34
gold fusion,#85754e,133,117,78,43,26,41
goldenrod,#daa520,218,165,32,43,74,49
mode beige,#967117,150,113,23,43,73,34
sand dune,#967117,150,113,23,43,73,34
sandy taupe,#967117,150,113,23,43,73,34
satin sheen gold,#cba135,203,161,53,43,59,50
meat brown,#e5b73b,229,183,59,44,77,56
selective yellow,#ffba00,255,186,0,44,100,50
urobilin,#e1ad21,225,173,33,44,76,51
amber,#ffbf00,255,191,0,45,100,50
dark tan,#918151,145,129,81,45,28,44
ecru,#c2b280,194,178,128,45,35,63
fluorescent orange,#ffbf00,255,191,0,45,100,50
lemon curry,#cca01d,204,160,29,45,75,46
mikado yellow,#ffc40c,255,196,12,45,100,52
orange-yellow,#f8d568,248,213,104,45,91,69
pullman green,#3b331c,59,51,28,45,36,17
saffron,#f4c430,244,196,48,45,90,57
sand,#c2b280,194,178,128,45,35,63
sunglow,#ffcc33,255,204,51,45,100,60
vivid amber,#cc9900,204,153,0,45,100,40
eggshell,#f0ead6,240,234,214,46,46,89
metallic gold,#d4af37,212,175,55,46,65,52
golden poppy,#fcc200,252,194,0,46,100,49
deep lemon,#f5c71a,245,199,26,47,92,53
jasmine,#f8de7e,248,222,126,47,90,73
lemon meringue,#f6eabe,246,234,190,47,76,85
mellow yellow,#f8de7e,248,222,126,47,90,73
mustard,#ffdb58,255,219,88,47,100,67
cornsilk,#fff8dc,255,248,220,48,100,93
medium champagne,#f3e5ab,243,229,171,48,75,81
naples yellow,#fada5e,250,218,94,48,94,67
royal yellow,#fada5e,250,218,94,48,94,67
stil de grain yellow,#fada5e,250,218,94,48,94,67
tangerine yellow,#ffcc00,255,204,0,48,100,50
usc gold,#ffcc00,255,204,0,48,100,50
vanilla,#f3e5ab,243,229,171,48,75,81
buff,#f0dc82,240,220,130,49,79,73
jonquil,#f4ca16,244,202,22,49,91,52
old gold,#cfb53b,207,181,59,49,61,52
blond,#faf0be,250,240,190,50,86,86
cyber yellow,#ffd300,255,211,0,50,100,50
flax,#eedc82,238,220,130,50,76,72
gargoyle gas,#ffdf46,255,223,70,50,100,64
vegas gold,#c5b358,197,179,88,50,48,56
crayola yellow,#fce883,252,232,131,50,95,75
ncs yellow,#ffd300,255,211,0,50,100,50
arylide yellow,#e9d66b,233,214,107,51,74,67
banana yellow,#ffe135,255,225,53,51,100,60
golden gold,#ffd700,255,215,0,51,100,50
hansa yellow,#e9d66b,233,214,107,51,74,67
school bus yellow,#ffd800,255,216,0,51,100,50
munsell yellow,#efcc00,239,204,0,51,100,47
brass,#b5a642,181,166,66,52,47,48
dark yellow,#9b870c,155,135,12,52,86,33
flavescent,#f7e98e,247,233,142,52,87,76
golden yellow,#ffdf00,255,223,0,52,100,50
minion yellow,#f5e050,245,220,80,52,89,64
sandstorm,#ecd540,236,213,64,52,82,59
sizzling sunrise,#ffdb00,255,219,0,52,100,50
spanish bistre,#807532,128,117,50,52,44,35
antique bronze,#665d1e,102,93,30,53,55,26
safety yellow,#eed202,238,210,2,53,98,47
vivid yellow,#ffe302,255,227,2,53,100,50
pantone yellow,#fedf00,254,223,0,53,100,50
citrine,#e4d00a,228,208,10,54,92,47
corn,#fbec5d,251,236,93,54,95,67
lemon chiffon,#fffacd,255,250,205,54,100,90
light khaki,#f0e68c,240,230,140,54,77,75
maize,#fbec5d,251,236,93,54,95,67
misty moss,#bbb477,187,180,119,54,33,60
old moss green,#867e36,134,126,54,54,43,37
straw,#e4d96f,228,217,111,54,68,66
dandelion,#f0e130,240,225,48,55,86,56
middle yellow,#ffeb00,255,235,0,55,100,50
pale goldenrod,#eee8aa,238,232,170,55,67,80
sage,#bcb88a,188,184,138,55,27,64
aureolin,#fdee00,253,238,0,56,100,50
canary yellow,#ffef00,255,239,0,56,100,50
dark khaki,#bdb76b,189,183,107,56,38,58
lemon yellow,#fff44f,255,244,79,56,100,65
process yellow,#ffef00,255,239,0,56,100,50
yellow rose,#fff000,255,240,0,56,100,50
cream,#fffdd0,255,253,208,57,100,91
bronze yellow,#737000,115,112,0,58,100,23
cadmium yellow,#fff600,255,246,0,58,100,50
icterine,#fcf75e,252,247,94,58,96,68
lemon,#fff700,255,247,0,58,100,50
titanium yellow,#eee600,238,230,0,58,100,47
yellow sunshine,#fff700,255,247,0,58,100,50
pale spring bud,#ecebbd,236,235,189,59,55,83
peridot,#e6e200,230,226,0,59,100,45
baby powder,#fefefa,254,254,250,60,67,99
battleship grey,#848482,132,132,130,60,1,51
beige,#f5f5dc,245,245,220,60,56,91
canary,#ffff99,255,255,153,60,100,80
daffodil,#ffff31,255,255,49,60,100,60
electric yellow,#ffff33,255,255,51,60,100,60
heart gold,#808000,128,128,0,60,100,25
ivory,#fffff0,255,255,240,60,100,97
laser lemon,#ffff66,255,255,102,60,100,70
lemon glacier,#fdff00,253,255,0,60,100,50
light goldenrod yellow,#fafad2,250,250,210,60,80,90
light yellow,#ffffe0,255,255,224,60,100,94
maximum yellow,#fafa37,250,250,55,60,95,60
old silver,#848482,132,132,130,60,1,51
olive,#808000,128,128,0,60,100,25
pastel gray,#cfcfc4,207,207,196,60,10,79
pastel yellow,#fdfd96,253,253,150,60,96,79
sunny,#f2f27a,242,242,122,60,82,71
unmellow yellow,#ffff66,255,255,102,60,100,70
very pale yellow,#ffffbf,255,255,191,60,100,88
yellow,#ffff00,255,255,0,60,100,50
ryb yellow,#fefe33,254,254,51,60,99,60
coyote brown,#81613c,129,97,60,62,37,37
booger buster,#dde26a,221,226,106,63,67,65
citron,#9fa91f,158,169,31,64,69,39
acid green,#b0bf1a,176,191,26,65,76,43
maximum green yellow,#d9e650,217,230,80,65,75,61
bitter lemon,#cae00d,202,224,13,66,89,46
pear,#d1e231,209,226,49,66,75,54
key lime,#e8f48c,232,244,140,67,83,75
lemon lime,#e3ff00,227,255,0,67,100,50
traditional chartreuse,#dfff00,223,255,0,68,100,50
army green,#4b5320,75,83,32,69,44,23
black olive,#3b3c36,59,60,54,70,5,22
arctic lime,#d0ff14,208,255,20,72,100,54
electric lime,#ccff00,204,255,0,72,100,50
fluorescent yellow,#ccff00,204,255,0,72,100,50
limerick,#9dc209,157,194,9,72,91,40
middle green yellow,#acbf60,172,191,96,72,43,56
milk,#fdfff5,253,255,245,72,100,98
mindaro,#e3f988,227,249,136,72,90,75
volt,#ceff00,205,255,0,72,100,50
june bud,#bdda57,189,218,87,73,64,60
medium spring bud,#c9dc87,201,220,135,73,55,70
android green,#a4c639,164,198,57,74,55,50
apple green,#8db600,141,182,0,74,100,36
vivid lime green,#a6d608,166,214,8,74,93,44
bitter lime,#bfff00,191,255,0,75,100,50
warm lime,#bfff00,191,255,0,75,100,50
moss green,#8a9a5b,138,154,91,75,26,48
turtle green,#8a9a5b,138,154,91,75,26,48
artichoke,#8f9779,143,151,121,76,13,53
dark moss green,#4a5d23,74,93,35,80,45,25
olive drab,#6b8e23,107,142,35,80,60,35
sheen green,#8fd400,143,212,0,80,100,42
spring bud,#a7fc00,167,252,0,80,100,49
yellow-green,#9acd32,154,205,50,80,61,50
avocado,#568203,86,130,3,81,95,26
awesome,#ff2052,255,32,82,81,95,56
dark olive green,#556b2f,85,107,47,82,39,30
deep spring bud,#556b2f,85,107,47,82,39,30
green lizard,#a7f432,167,244,50,84,90,58
green-yellow,#adff2f,173,255,47,84,100,59
inchworm,#b2ec5d,178,236,93,84,79,65
rifle green,#444c38,68,76,56,84,15,26
alien armpit,#84de02,132,222,2,85,98,44
olivine,#9ab973,154,185,115,87,33,59
palm leaf,#6f9940,130,142,132,88,5,53
french lime,#9efd38,158,253,56,89,98,61
chartreuse,#7fff00,127,255,0,90,100,50
lawn green,#7cfc00,124,252,0,90,100,49
maximum green,#5e8c31,94,140,49,90,48,37
camouflage green,#78866b,120,134,107,91,11,47
kiwi,#8ee53f,142,229,63,91,76,57
asparagus,#87a96b,135,169,107,93,26,54
sap green,#507d2a,80,125,42,93,50,33
spring frost,#87ff2a,135,255,42,94,100,58
ryb green,#66b032,102,176,50,95,56,44
laurel green,#a9ba9d,169,186,157,95,17,67
bright green,#66ff00,102,255,0,96,100,50
pistachio,#93c572,147,197,114,96,42,61
ebony,#555d50,85,93,80,97,8,34
nyanza,#e9ffdb,233,255,219,97,100,93
dollar bill,#85bb65,133,187,101,98,39,56
napier green,#2a8000,42,128,0,100,100,25
tea green,#d0f0c0,208,240,192,100,62,85
kelly green,#4cbb17,76,187,23,101,78,41
bud green,#7bb661,123,182,97,102,37,55
chlorophyll green,#4aff00,74,255,0,103,100,50
kombu green,#354230,53,66,48,103,16,22
harlequin,#3fff00,63,255,0,105,100,50
harlequin green,#46cb18,70,203,24,105,79,45
fern green,#4f7942,79,121,66,106,29,37
lincoln green,#195905,25,89,5,106,89,18
mantis,#74c365,116,195,101,110,44,58
neon green,#39ff14,57,255,20,111,100,54
slimy green,#299617,41,150,23,111,73,34
may green,#4c9141,76,145,65,112,38,41
granny smith apple,#a8e4a0,168,228,160,113,56,76
india green,#138808,19,136,8,115,89,28
gray-asparagus,#465945,70,89,69,117,13,31
ao english,#008000,0,128,0,120,100,25
dark green,#006400,0,100,0,120,100,20
dark sea green,#8fbc8f,143,188,143,120,25,65
electric green,#00ff00,0,255,0,120,100,50
forest green,#228b22,34,139,34,120,61,34
green,#00ff00,0,255,0,120,100,50
pure green,#008000,0,128,0,120,100,25
honeydew,#f0fff0,240,255,240,120,100,97
islamic green,#009000,0,144,0,120,100,28
light green,#90ee90,144,238,144,120,73,75
light moss green,#addfad,173,223,173,120,44,78
lime,#00ff00,0,255,0,120,100,50
lime green,#32cd32,50,205,50,120,61,50
mint green,#98ff98,152,255,152,120,100,80
mughal green,#306030,48,96,48,120,33,28
nickel,#727472,114,116,114,120,1,45
office green,#008000,0,128,0,120,100,25
pakistan green,#006600,0,102,0,120,100,20
pale green,#98fb98,152,251,152,120,93,79
pastel green,#77dd77,119,221,119,120,60,67
russian green,#679267,103,146,103,120,17,49
screamin' green,#66ff66,102,255,102,120,100,70
wageningen green,#34b233,52,178,51,120,56,45
deep green,#056608,5,102,8,122,91,21
celadon,#ace1af,172,225,175,123,47,78
iguana green,#71bc78,113,188,120,126,36,59
middle blue,#7ed4e6,126,212,230,126,68,70
deep moss green,#355e3b,53,94,59,129,28,29
hunter green,#355e3b,53,94,59,129,28,29
dolphin gray,#828e84,130,142,132,130,5,53
middle green,#4d8c57,77,140,87,130,29,43
mummy's tomb,#828e84,130,142,132,130,5,53
smoke,#738276,115,130,118,132,6,48
eton blue,#96c8a2,150,200,162,134,31,69
ash grey,#b2beb5,178,190,181,135,8,72
black leather jacket,#253529,37,53,41,135,18,18
very light malachite green,#64e986,100,233,134,135,75,65
vivid malachite,#00cc33,0,204,51,135,100,40
xanadu,#738678,115,134,120,136,8,49
cal poly pomona green,#1e4d2b,30,77,43,137,44,21
dark pastel green,#03c03c,3,192,60,138,97,38
middle red purple,#210837,33,8,55,139,75,12
cambridge blue,#a3c1ad,163,193,173,140,19,70
emerald,#50c878,80,200,120,140,52,55
malachite,#0bda51,11,218,81,140,90,45
north texas green,#059033,5,144,51,140,93,29
paris green,#50c878,80,200,120,140,52,55
teal deer,#99e6b3,153,230,179,140,61,75
la salle green,#087830,8,120,48,141,88,25
middle blue green,#8dd9cc,141,217,204,141,50,70
shiny shamrock,#5fa778,95,167,120,141,29,51
ufo green,#3cd070,60,208,112,141,61,53
turquoise green,#a0d6b4,160,214,180,142,40,73
feldgrau,#4d5d53,77,93,83,143,9,33
pantone green,#00ad43,0,173,67,143,100,34
sea green,#2e8b57,46,139,87,146,50,36
amazon,#3b7a57,59,122,87,147,35,35
medium sea green,#3cb371,60,179,113,147,50,47
traditional forest green,#014421,1,68,33,149,97,14
pigment green,#00a550,0,165,80,149,100,32
sea foam green,#9fe2bf,195,226,191,149,38,82
up forest green,#014421,1,68,33,149,97,14
dark spring green,#177245,23,114,69,150,66,27
guppie green,#00ff7f,0,255,127,150,100,50
mint cream,#f5fffa,245,255,250,150,100,98
spring green,#00ff7f,0,255,127,150,100,50
aero blue,#c9ffe5,201,255,229,151,100,89
phthalo green,#123524,18,53,36,151,49,14
dartmouth green,#00703c,0,112,60,152,100,22
magic mint,#aaf0d1,170,240,209,153,70,80
spanish green,#009150,0,145,80,153,100,28
british racing green,#004225,0,66,37,154,100,13
cadmium green,#006b3c,0,107,60,154,100,21
medium aquamarine,#66ddaa,102,221,170,154,64,63
go green,#00ab66,0,171,102,156,100,34
shamrock green,#009e60,0,158,96,156,100,31
medium spring green,#00fa9a,0,250,154,157,100,49
ocean green,#48bf91,72,191,145,157,48,52
crayola green,#1cac78,28,172,120,158,72,39
jade,#00a86b,0,168,107,158,100,33
mint,#3eb489,62,180,137,158,49,47
aquamarine,#7fffd4,127,255,212,160,100,75
ncs green,#009f6b,0,159,107,160,100,31
green-cyan,#009966,0,153,102,160,100,30
deep aquamarine,#40826d,64,130,109,161,34,38
eucalyptus,#44d7a8,68,215,168,161,65,55
medium jungle green,#1c352d,28,53,45,161,31,16
mountain meadow,#30ba8f,48,186,143,161,59,46
viridian,#40826d,64,130,109,161,34,38
brunswick green,#1b4d3e,27,77,62,162,48,20
dark jungle green,#1a2421,26,36,33,162,16,12
english green,#1b4d3e,27,77,62,162,48,20
pearl aqua,#88d8c0,136,216,192,162,51,69
munsell green,#00a877,0,168,119,163,100,33
hooker's green,#49796b,73,121,107,163,25,38
jungle green,#29ab87,41,171,135,163,61,42
spanish viridian,#007f5c,0,127,92,163,100,25
bangladesh green,#006a4e,0,106,78,164,100,21
bottle green,#006a4e,0,106,78,164,100,21
castleton green,#00563f,0,86,63,164,100,17
illuminating emerald,#319177,49,145,119,164,49,38
sacramento state green,#00563f,0,86,63,164,100,17
caribbean green,#00cc99,0,204,153,165,100,40
deep green-cyan turquoise,#0e7c61,14,124,97,165,80,27
middle red purple,#a55353,0,83,83,165,100,16
polished pine,#5da493,93,164,147,166,28,50
zomp,#39a78e,57,167,142,166,49,44
msu green,#18453b,24,69,59,167,48,18
wintergreen dream,#56887d,86,136,125,167,23,44
generic viridian,#007f66,0,127,102,168,100,25
green sheen,#6eaea1,110,174,161,168,28,56
paolo veronese green,#009b7d,0,155,125,168,100,30
tropical rain forest,#00755e,0,117,94,168,100,23
pale robin egg blue,#96ded1,150,222,209,169,52,73
keppel,#3ab09e,58,176,158,171,50,46
persian green,#00a693,0,166,147,173,100,33
celadon green,#2f847c,47,132,124,174,47,35
turquoise,#40e0d0,64,224,208,174,72,56
pine green,#01796f,1,121,111,175,98,24
myrtle green,#317873,49,120,115,176,42,33
turquoise blue,#00ffef,0,255,239,176,100,50
bright turquoise,#08e8de,8,232,222,177,93,47
light sea green,#20b2aa,32,178,170,177,70,41
verdigris,#43b3ae,67,179,174,177,46,48
deep jungle green,#004b49,0,75,73,178,100,15
medium turquoise,#48d1cc,72,209,204,178,60,55
tiffany blue,#0abab5,10,186,181,178,90,38
teal green,#00827f,0,130,127,179,100,25
aqua,#00ffff,0,255,255,180,100,50
azure mist,#f0ffff,240,255,255,180,100,97
celeste,#b2ffff,178,255,255,180,100,85
charleston green,#232b2b,35,43,43,180,10,15
cyan,#00ffff,0,255,255,180,100,50
dark cyan,#008b8b,0,139,139,180,100,27
dark slate gray,#2f4f4f,47,79,79,180,25,25
desaturated cyan,#669999,102,153,153,180,20,50
electric cyan,#00ffff,0,255,255,180,100,50
italian sky blue,#b2ffff,178,255,255,180,100,85
light cyan,#e0ffff,224,255,255,180,100,94
maximum blue green,#30bfbf,48,191,191,180,60,47
pale blue,#afeeee,175,238,238,180,65,81
pale turquoise,#afeeee,175,238,238,180,65,81
rich black,#004040,0,64,64,180,100,13
robin egg blue,#00cccc,0,204,204,180,100,40
skobeloff,#007474,0,116,116,180,100,23
spanish sky blue,#00ffff,0,255,255,180,100,50
teal,#008080,0,128,128,180,100,25
warm black,#004242,0,66,66,180,100,13
dark turquoise,#00ced1,0,206,209,181,100,41
steel teal,#5f8a8b,95,138,139,181,19,46
viridian green,#009698,0,150,152,181,100,30
cadet blue,#5f9ea0,95,158,160,182,25,50
turquoise surf,#00c5cd,0,197,205,182,100,40
aurometalsaurus,#6e7f80,110,127,128,183,8,47
bubbles,#e7feff,231,254,255,183,100,95
dark imperial blue,#00147e,0,20,126,183,100,25
electric blue,#7df9ff,125,249,255,183,100,75
sea serpent,#4bc7cf,75,199,207,184,58,55
waterspout,#a4f4f9,164,244,249,184,88,81
metallic seaweed,#0a7e8c,10,126,140,186,87,29
midnight green (eagle green),#004953,0,73,83,187,100,16
powder blue,#b0e0e6,176,224,230,187,52,80
blizzard blue,#ace5ee,172,229,238,188,66,80
blue lagoon,#ace5ee,172,229,238,188,66,80
ming,#36747d,54,116,125,188,40,35
japanese indigo,#264348,38,67,72,189,31,22
stormcloud,#4f666a,79,102,106,189,15,36
medium sky blue,#80daeb,128,218,235,190,73,71
munsell blue,#0093af,0,147,175,190,100,34
bondi blue,#0095b6,0,149,182,191,100,36
diamond,#b9f2ff,185,242,255,191,100,86
outer space,#414a4c,65,74,76,191,8,28
pacific blue,#1ca9c9,28,169,201,191,76,45
ball blue,#21abcd,33,171,205,192,72,47
blue-green,#0d98ba,13,152,186,192,87,39
vivid sky blue,#00ccff,0,204,255,192,100,50
non-photo blue,#a4dded,164,221,237,193,67,79
battery charged blue,#1dacd6,29,172,214,194,76,48
bright cerulean,#1dacd6,29,172,214,194,76,48
deep space sparkle,#4a646c,74,100,108,194,19,36
teal blue,#367588,54,117,136,194,43,37
capri,#00bfff,0,191,255,195,100,50
deep sky blue,#00bfff,0,191,255,195,100,50
light blue,#add8e6,173,216,230,195,53,79
maximum blue,#47abcc,71,171,204,195,57,54
onyx,#353839,53,56,57,195,4,22
spiro disco ball,#0fc0fc,15,192,252,195,98,52
blue bolt,#00b9fb,0,185,251,196,100,49
celadon blue,#007ba7,0,123,167,196,100,33
cerulean,#007ba7,0,123,167,196,100,33
cg blue,#007aa5,0,122,165,196,100,32
fresh air,#a6e7ff,166,231,255,196,100,83
pastel blue,#aec6cf,174,198,207,196,26,75
winter wizard,#a0e6ff,160,230,255,196,100,81
blue sapphire,#126180,18,97,128,197,75,29
ncs blue,#0087bd,0,135,189,197,100,37
sea blue,#006994,0,105,148,197,100,29
sky blue,#87ceeb,135,206,235,197,71,73
vivid cerulean,#00aaee,0,170,238,197,100,47
baby blue,#89cff0,137,207,240,199,77,74
cadet,#536872,83,104,114,199,16,39
cyan cornflower blue,#188bc2,24,139,194,199,78,43
dark sky blue,#8cbed6,140,190,214,199,47,69
moonstone blue,#73a9c2,115,169,194,199,39,61
rich electric blue,#0892d0,8,146,208,199,93,42
columbia blue,#c4d8e2,196,216,226,200,34,83
gunmetal,#2a3439,42,52,57,200,15,19
pale cyan,#87d3f8,135,211,248,200,89,75
pewter blue,#8ba8b7,139,168,183,200,23,63
picton blue,#45b1e8,69,177,232,200,78,59
silver sand,#bfc1c2,191,193,194,200,2,75
star command blue,#007bb8,0,123,184,200,100,36
light cornflower blue,#93ccea,147,204,234,201,67,75
dark gunmetal,#1f262a,31,38,42,202,15,14
ocean boat blue,#0077be,0,119,190,202,100,37
dark imperial blue,#00416a,0,65,106,203,100,21
french blue,#0072bb,0,114,187,203,100,37
honolulu blue,#006db0,0,109,176,203,100,35
light sky blue,#87cefa,135,206,250,203,92,75
medium persian blue,#0067a5,0,103,165,203,100,32
sapphire blue,#0067a5,0,103,165,203,100,32
spanish blue,#0070b8,0,112,184,203,100,36
carolina blue,#56a0d3,86,160,211,204,59,58
charcoal,#36454f,54,69,79,204,19,26
rackley,#5d8aa8,93,138,168,204,30,51
raf air force blue,#5d8aa8,93,138,168,204,30,51
weldon blue,#7c98ab,124,152,171,204,22,58
air superiority blue,#72a0c1,114,160,193,205,39,60
cadet grey,#91a3b0,145,163,176,205,16,63
celestial blue,#4997d0,73,151,208,205,59,55
maya blue,#73c2fb,115,194,251,205,94,72
pale cerulean,#9bc4e2,155,196,226,205,55,75
prussian blue,#003153,0,49,83,205,100,16
aero,#7cb9e8,124,185,232,206,70,70
arsenic,#3b444b,59,68,75,206,12,26
azureish white,#dbe9f4,219,233,244,206,53,91
beau blue,#bcd4e6,188,212,230,206,46,82
blue jeans,#5dadec,93,173,236,206,79,65
dark electric blue,#536878,83,104,120,206,18,40
pale aqua,#bcd4e6,188,212,230,206,46,82
payne's grey,#536878,83,104,120,206,18,40
iceberg,#71a6d2,113,166,210,207,52,63
rich black,#010b13,1,11,19,207,90,4
steel blue,#4682b4,70,130,180,207,44,49
true blue,#0073cf,0,115,207,207,100,41
alice blue,#f0f8ff,240,248,255,208,100,97
cerulean frost,#6d9bc3,109,155,195,208,42,60
very light azure,#74bbfb,116,187,251,208,94,72
baby blue eyes,#a1caf1,161,202,241,209,74,79
black coral,#54626f,84,98,111,209,14,38
cyan azure,#4e82b4,78,130,180,209,41,51
dark cerulean,#08457e,8,69,126,209,88,26
green-blue,#1164b4,17,100,180,209,83,39
medium electric blue,#035096,3,80,150,209,96,30
usafa blue,#004f98,0,79,152,209,100,30
anti-flash white,#f2f3f4,242,243,244,210,8,95
azure,#007fff,0,127,255,210,100,50
bleu de france,#318ce7,49,140,231,210,79,55
blue-gray,#6699cc,102,153,204,210,50,60
bright navy blue,#1974d2,25,116,210,210,79,46
brilliant azure,#3399ff,51,153,255,210,100,60
cyan-blue azure,#4682bf,70,130,191,210,49,51
dark midnight blue,#003366,0,51,102,210,100,20
dodger blue,#1e90ff,30,144,255,210,100,56
lapis lazuli,#26619c,38,97,156,210,61,38
light slate gray,#778899,119,136,153,210,14,53
livid,#6699cc,102,153,204,210,50,60
pale cornflower blue,#abcdef,171,205,239,210,68,80
slate gray,#708090,112,128,144,210,13,50
tufts blue,#3e8ede,62,142,222,210,71,56
queen blue,#436b95,67,107,149,211,38,42
cool black,#002e63,0,46,99,212,100,19
dark pastel blue,#779ecb,119,158,203,212,45,63
french sky blue,#77b5fe,119,181,254,212,99,73
little boy blue,#6ca0dc,108,160,220,212,62,64
maastricht blue,#001c3d,0,28,61,212,100,12
oxford blue,#002147,0,33,71,212,100,14
silver lake blue,#5d89ba,93,137,186,212,40,55
yale blue,#0f4d92,15,77,146,212,81,32
denim,#1560bd,21,96,189,213,80,41
jordy blue,#8ab9f1,138,185,241,213,79,74
brandeis blue,#0070ff,0,112,255,214,100,50
light steel blue,#b0c4de,176,196,222,214,41,78
shadow blue,#778ba5,119,139,165,214,20,56
b'dazzled blue,#2e5894,46,88,148,215,53,38
cobalt blue,#0047ab,0,71,171,215,100,34
cyan cobalt blue,#28589c,40,88,156,215,59,38
light cobalt blue,#88ace0,136,172,224,215,59,71
glaucous,#6082b6,96,130,182,216,37,55
sapphire,#0f52ba,15,82,186,216,85,39
united nations blue,#5b92e5,91,146,229,216,73,63
absolute zero,#0048ba,0,72,186,217,100,37
blue yonder,#5072a7,80,114,167,217,35,48
crayola blue,#1f75fe,31,117,254,217,99,56
vista blue,#7c9ed9,124,158,217,218,55,67
cornflower blue,#6495ed,100,149,237,219,79,66
royal blue,#002366,0,35,102,219,100,20
blueberry,#4f86f7,79,134,247,220,91,64
dark powder blue,#003399,0,51,153,220,100,30
royal azure,#0038a8,0,56,168,220,100,33
smalt,#003399,0,51,153,220,100,30
usaf air force blue,#00308f,0,48,143,220,100,28
catalina blue,#062a78,6,42,120,221,90,25
roman silver,#838996,131,137,150,221,8,55
ucla blue,#536895,83,104,149,221,28,46
yankees blue,#1c2841,28,40,65,221,40,18
ua blue,#0033aa,0,51,170,222,100,33
han blue,#446ccf,68,108,207,223,59,54
international klein blue,#002fa7,0,47,167,223,100,33
new car,#214fc6,33,79,198,223,71,45
cerulean blue,#2a52be,42,82,190,224,64,45
resolution blue,#002387,0,35,135,224,100,26
ryb blue,#0247fe,2,71,254,224,99,50
ceil,#92a1cf,146,161,207,225,39,69
royal blue,#4169e1,65,105,225,225,73,57
egyptian blue,#1034a6,16,52,166,226,82,36
imperial blue,#002395,0,35,149,226,100,29
space cadet,#1d2951,29,41,81,226,47,22
wild blue yonder,#a2add0,162,173,208,226,33,73
denim blue,#2243b6,34,67,182,227,69,42
ultramarine blue,#4166f5,65,102,245,228,90,61
cool grey,#8c92ac,140,146,172,229,16,61
gray-blue,#8c92ac,140,146,172,229,16,61
persian blue,#1c39bb,28,57,187,229,74,42
violet-blue,#324ab2,50,74,178,229,56,45
indigo dye,#091f92,9,31,146,230,88,30
independence,#4c516d,76,81,109,231,18,36
manatee,#979aaa,151,154,170,231,10,63
pantone blue,#0018a8,0,24,168,231,100,33
phthalo blue,#000f89,0,15,137,233,100,27
zaffre,#0014a8,0,20,168,233,100,33
glitter,#e6e8fa,230,232,250,234,67,94
palatinate blue,#273be2,39,59,226,234,76,52
liberty,#545aa7,84,90,167,236,33,49
middle yellow red,#ecb176,166,58,121,236,48,44
purple navy,#4e5180,78,81,128,236,24,40
st. patrick's blue,#23297a,35,41,122,236,55,31
blue,#0000ff,0,0,255,240,100,50
blue bell,#a2a2d0,162,162,208,240,33,73
bluebonnet,#1c1cf0,28,28,240,240,88,53
dark blue,#00008b,0,0,139,240,100,27
dark blue-gray,#666699,102,102,153,240,20,50
deep koamaru,#333366,51,51,102,240,33,30
duke blue,#00009c,0,0,156,240,100,31
ghost white,#f8f8ff,248,248,255,240,100,99
lavender,#e6e6fa,230,230,250,240,67,94
lavender blue,#ccccff,204,204,255,240,100,90
lavender mist,#e6e6fa,230,230,250,240,67,94
maximum blue purple,#acace6,172,172,230,240,54,79
medium blue,#0000cd,0,0,205,240,100,40
midnight blue,#191970,25,25,112,240,64,27
navy,#000080,0,0,128,240,100,25
periwinkle,#ccccff,204,204,255,240,100,90
pigment blue,#333399,51,51,153,240,50,40
very light blue,#6666ff,102,102,255,240,100,70
cosmic cobalt,#2e2d88,46,45,136,241,50,36
rhythm,#777696,119,118,150,242,13,53
ultramarine,#3f00ff,18,10,143,244,87,30
iris,#5a4fcf,90,79,207,245,57,56
lavender gray,#c4c3d0,196,195,208,245,12,79
toolbox,#746cc0,116,108,192,246,40,59
majorelle blue,#6050dc,96,80,220,247,67,59
ocean blue,#4f42b5,79,66,181,247,47,48
dark slate blue,#483d8b,72,61,139,248,39,39
slate blue,#6a5acd,106,90,205,248,53,58
medium slate blue,#7b68ee,123,104,238,249,80,67
soap,#cec8ef,206,200,239,249,55,86
plump purple,#5946b2,89,70,178,251,44,49
interdimensional blue,#360ccc,54,12,204,253,89,42
ube,#8878c3,136,120,195,253,39,62
electric ultramarine,#3f00ff,63,0,255,255,100,50
han purple,#5218fa,82,24,250,255,96,54
pale lavender,#dcd0ff,220,208,255,255,100,91
persian indigo,#32127a,50,18,122,258,74,27
medium purple,#9370db,147,112,219,260,60,65
middle blue purple,#8b72be,139,114,190,260,37,60
pixie powder,#391285,57,18,133,260,76,30
blue-magenta violet,#553592,85,53,146,261,47,39
light pastel purple,#b19cd9,177,156,217,261,45,73
magnolia,#f8f4ff,248,244,255,262,100,98
cyber grape,#58427c,88,66,124,263,31,37
dark pastel purple,#966fd6,150,111,214,263,56,64
spanish violet,#4c2882,76,40,130,264,53,33
lavender indigo,#9457eb,148,87,235,265,79,63
navy purple,#9457eb,148,87,235,265,79,63
electric indigo,#6f00ff,111,0,255,266,100,50
ksu purple,#512888,79,38,131,266,55,33
lavender purple,#967bb6,150,123,182,267,29,60
regalia,#522d80,82,45,128,267,48,34
royal purple,#7851a9,120,81,169,267,35,49
purple mountain majesty,#9678b6,150,120,182,269,30,59
amethyst,#9966cc,153,102,204,270,50,60
dark lavender,#734f96,115,79,150,270,31,45
deep violet,#330066,51,0,102,270,100,20
pale violet,#cc99ff,204,153,255,270,100,80
purple heart,#69359c,105,53,156,270,49,41
rebecca purple,#663399,102,52,153,270,49,40
russian violet,#32174d,50,23,77,270,54,20
violet,#7f00ff,127,0,255,270,100,50
blue-violet,#8a2be2,138,43,226,271,76,53
bright lavender,#bf94e4,191,148,228,272,60,74
grape,#6f2da8,111,45,168,272,58,42
electric violet,#8f00ff,143,0,255,274,100,50
vivid violet,#8f00ff,143,0,255,274,100,50
indigo,#4b0082,75,0,130,275,100,25
floral lavender,#b57edc,181,126,220,275,57,68
mauve,#e0b0ff,224,176,255,276,100,85
rich lavender,#a76bcf,167,107,207,276,51,62
bright purple,#a020f0,160,32,240,277,87,53
veronica,#a020f0,160,32,240,277,87,53
vivid violet,#9f00ff,159,0,255,277,100,50
languid lavender,#d6cadd,214,202,221,278,22,83
french violet,#8806ce,136,6,206,279,94,42
dark orchid,#9932cc,153,50,204,280,61,50
deep lilac,#9955bb,153,85,187,280,43,53
bright ube,#d19fe8,209,159,232,281,61,77
wisteria,#c9a0dc,201,160,220,281,46,75
dark violet,#9400d3,148,0,211,282,100,41
tropical violet,#cda4de,205,164,222,282,47,76
eminence,#6c3082,108,48,130,284,46,35
rich lilac,#b666d2,182,102,210,284,55,61
bright lilac,#d891ef,216,145,239,285,75,75
electric purple,#bf00ff,191,0,255,285,100,50
glossy grape,#ab92b3,171,146,179,285,18,64
purple plum,#9c51b6,156,81,182,285,41,52
heliotrope,#df73ff,223,115,255,286,100,73
ryb violet,#8601af,134,1,175,286,99,35
african violet,#b284be,178,132,190,288,31,63
medium orchid,#ba55d3,186,85,211,288,59,58
munsell purple,#9f00c5,159,0,197,288,100,39
purpureus,#9a4eae,154,78,174,288,38,49
vivid mulberry,#b80ce3,184,12,227,288,90,47
vivid orchid,#cc00ff,204,0,255,288,100,50
english violet,#563c5c,86,60,92,289,21,30
imperial,#602f6b,96,47,107,289,39,30
old heliotrope,#563c5c,86,60,92,289,21,30
pineapple,#563c5c,86,60,13,289,74,19
brilliant lavender,#f4bbff,244,187,255,290,100,87
electric lavender,#f4bbff,244,187,255,290,100,87
french lilac,#86608e,134,96,142,290,19,47
maximum purple,#733380,115,51,128,290,43,35
pomp and power,#86608e,134,96,142,290,19,47
dark purple,#301934,48,25,52,291,35,15
rich brilliant lavender,#f1a7fe,241,167,254,291,98,83
phlox,#df00ff,223,0,255,292,100,50
psychedelic purple,#df00ff,223,0,255,292,100,50
heliotrope magenta,#aa00bb,170,0,187,295,100,37
pastel purple,#b39eb5,179,158,181,295,13,66
chinese violet,#856088,133,96,136,296,17,45
dark magenta,#8b008b,139,0,139,300,100,27
deep fuchsia,#c154c1,193,84,193,300,47,54
deep magenta,#cc00cc,204,0,204,300,100,40
deep mauve,#d473d4,212,115,212,300,53,64
french mauve,#d473d4,212,115,212,300,53,64
fuchsia,#ff00ff,255,0,255,300,100,50
crayola fuchsia,#c154c1,193,84,193,300,47,54
fuchsia pink,#ff77ff,255,119,255,300,100,73
lavender magenta,#ee82ee,238,130,238,300,76,72
light grayish magenta,#cc99cc,204,153,204,300,33,70
lilac,#c8a2c8,200,162,200,300,26,71
magenta,#ff00ff,255,0,255,300,100,50
medium lavender magenta,#dda0dd,221,160,221,300,47,75
midnight,#702670,112,38,112,300,49,29
pale plum,#dda0dd,221,160,221,300,47,75
patriarch,#800080,128,0,128,300,100,25
pink flamingo,#fc74fd,252,116,253,300,97,72
plum,#dda0dd,221,160,221,300,47,75
purple,#800080,128,0,128,300,100,25
raisin black,#242124,36,33,36,300,4,14
crayola shocking pink,#ff6fff,255,111,255,300,100,72
steel pink,#cc33cc,204,51,204,300,60,50
thistle,#d8bfd8,216,191,216,300,24,80
ultra pink,#ff6fff,255,111,255,300,100,72
bright orchid,#ee82ee,238,130,238,300,76,72
mardi gras,#880085,136,0,133,301,100,27
orchid,#da70d6,218,112,214,302,59,65
pastel violet,#cb99c9,203,153,201,302,32,70
heliotrope gray,#aa98a9,170,152,168,303,10,63
rose quartz,#aa98a9,170,152,169,303,10,63
old lavender,#796878,121,104,120,304,8,44
light fuchsia pink,#f984ef,249,132,239,305,91,75
japanese violet,#5b3256,91,50,86,307,29,28
cool deep lilac,#8e4585,142,69,133,307,35,41
palatinate purple,#682860,104,40,96,308,44,28
razzmic berry,#8d4e85,141,78,133,308,29,43
light medium orchid,#d39bcb,211,155,203,309,39,72
pale magenta,#f984e5,249,132,229,310,91,75
byzantine,#bd33a4,189,51,164,311,58,47
byzantium,#702963,112,41,99,311,46,30
lilac luster,#ae98aa,174,152,170,311,12,64
pink lavender,#d8b2d1,216,178,209,311,33,77
purple taupe,#50404d,80,64,77,311,11,28
purple pizzazz,#fe4eda,254,78,218,312,99,65
hot magenta,#ff1dce,255,29,206,313,100,56
quartz,#51484f,81,72,79,313,6,30
dark byzantium,#5d3954,93,57,84,315,24,29
light orchid,#e6a8d7,230,168,215,315,55,78
razzle dazzle rose,#ff33cc,255,51,204,315,100,60
shocking pink,#fc0fc0,252,15,192,315,98,52
antique fuchsia,#915c83,145,92,131,316,22,46
lavender rose,#fba0e3,251,160,227,316,92,81
pearly purple,#b768a2,183,104,162,316,35,56
light deep pink,#ff5ccd,255,92,205,318,100,68
shampoo,#ffcff1,255,207,241,318,100,91
opera mauve,#b784a7,183,132,167,319,26,62
pink lace,#ffddf4,255,221,244,319,100,93
fandango,#b53389,181,51,137,320,56,45
fashion fuchsia,#f400a1,244,0,161,320,100,48
flirt,#a2006d,162,0,109,320,100,32
hollywood cerise,#f400a1,244,0,161,320,100,48
rose pink,#ff66cc,255,102,204,320,100,70
sky magenta,#cf71af,207,113,175,320,49,63
taupe gray,#8b8589,139,133,137,320,3,53
royal fuchsia,#ca2c92,202,44,146,321,64,48
frostbite,#e936a7,233,54,167,322,80,56
medium violet-red,#c71585,199,21,133,322,81,43
red-violet,#c71585,199,21,133,322,81,43
halayà úbe,#663854,102,55,84,323,29,31
mountbatten pink,#997a8d,153,122,141,323,13,54
super pink,#cf6ba9,207,107,169,323,51,62
medium red-violet,#bb3385,187,51,133,324,57,47
pink pearl,#e7accf,231,172,207,324,55,79
princess perfume,#ff85cf,255,133,207,324,100,76
french plum,#811453,129,20,83,325,73,29
imperial purple,#66023c,102,2,60,325,96,20
magenta-pink,#cc338b,204,51,139,325,60,50
maximum red purple,#a63a79,166,58,121,325,48,44
middle purple,#d982b5,217,130,181,325,53,68
sugar plum,#914e75,145,78,117,325,30,44
tyrian purple,#66023c,102,2,60,325,96,20
classic rose,#fbcce7,251,204,231,326,85,89
light hot pink,#ffb3de,255,179,222,326,100,85
magenta (process),#ff0090,255,0,144,326,100,50
persian rose,#fe28a2,254,40,162,326,99,58
barbie pink,#e0218a,224,33,138,327,75,50
magenta haze,#9f4576,159,69,118,327,39,45
mexican pink,#e4007c,228,0,124,327,100,45
amaranth deep purple,#9f2b68,159,43,104,328,57,40
boysenberry,#873260,135,50,96,328,46,36
deep pink,#ff1493,255,20,147,328,100,54
fluorescent pink,#ff1493,255,20,147,328,100,54
jazzberry jam,#a50b5e,165,11,94,328,88,35
magenta (dye),#ca1f7b,202,31,123,328,73,46
mulberry,#c54b8c,197,75,140,328,51,53
pantone pink,#d74894,215,72,148,328,64,56
red-purple,#e40078,228,0,120,328,100,45
vivid cerise,#da1d81,218,29,129,328,77,48
eggplant,#614051,97,64,81,329,20,32
kobi,#e79fc4,231,159,196,329,60,76
mystic maroon,#ad4379,173,67,121,329,44,47
pansy purple,#78184a,120,24,74,329,67,28
persian pink,#f77fbe,247,127,190,329,88,73
smitten,#c84186,200,65,134,329,55,52
twilight lavender,#8a496b,138,73,107,329,31,41
wild strawberry,#ff43a4,255,67,164,329,100,63
bright pink,#ff007f,255,0,127,330,100,50
dark liver,#534b4f,83,75,79,330,5,31
dark raspberry,#872657,135,38,87,330,56,34
deep cerise,#da3287,218,50,135,330,69,53
hot pink,#ff69b4,255,105,180,330,100,71
pale magenta-pink,#ff99cc,255,153,204,330,100,80
raspberry pink,#e25098,226,80,152,330,72,60
rose,#ff007f,255,0,127,330,100,50
rose bonbon,#f9429e,249,66,158,330,94,62
wild orchid,#d470a2,212,112,162,330,54,64
winter sky,#ff007c,255,0,124,331,100,50
brilliant rose,#ff55a3,255,85,163,332,100,67
lavender pink,#fbaed2,251,174,210,332,91,83
magenta (crayola),#ff55a3,255,85,163,332,100,67
china pink,#de6fa1,222,111,161,333,63,65
fuchsia purple,#cc397b,204,57,123,333,59,51
liseran purple,#de6fa1,222,111,161,333,63,65
pastel magenta,#f49ac2,244,154,194,333,80,78
thulian pink,#de6fa1,222,111,161,333,63,65
cotton candy,#ffbcd9,255,188,217,334,100,87
french fuchsia,#fd3f92,253,63,146,334,98,62
magenta (pantone),#d0417e,208,65,126,334,60,54
telemagenta,#cf3476,207,52,118,334,62,51
dogwood rose,#d71868,215,24,104,335,80,47
rubine red,#d10056,209,0,86,335,100,41
vivid raspberry,#ff006c,255,0,108,335,100,50
carnation pink,#ffa6c9,255,166,201,336,100,83
cerise pink,#ec3b83,236,59,131,336,82,58
deep ruby,#843f5b,132,63,91,336,35,38
mimi pink,#ffdae9,255,218,233,336,100,93
old mauve,#673147,103,49,71,336,36,30
queen pink,#e8ccd7,232,204,215,336,38,85
violet-red,#f75394,247,83,148,336,91,65
wine dregs,#673147,103,49,71,336,36,30
fuchsia rose,#c74375,199,67,117,337,54,52
medium ruby,#aa4069,170,64,105,337,45,46
raspberry,#e30b5d,227,11,92,337,91,47
ruby,#e0115f,224,17,95,337,86,47
amaranth pink,#f19cbb,241,156,187,338,75,78
english lavender,#b48395,180,131,149,338,25,61
fandango pink,#de5285,222,82,133,338,68,60
french rose,#f64a8a,246,74,138,338,91,63
irresistible,#b3446c,179,68,108,338,45,48
maroon (x11),#b03060,176,48,96,338,57,44
mystic,#d65282,214,82,130,338,62,58
pictorial carmine,#c30b4e,195,11,78,338,89,40
quinacridone magenta,#8e3a59,142,58,89,338,42,39
raspberry rose,#b3446c,179,68,108,338,45,48
razzmatazz,#e3256b,227,37,107,338,77,52
rich maroon,#b03060,176,48,96,338,57,44
debian red,#d70a53,215,10,83,339,91,44
french pink,#fd6c9e,253,108,158,339,97,71
nadeshiko pink,#f6adc6,246,173,198,339,80,82
pink raspberry,#980036,152,0,54,339,100,30
ruber,#ce4676,206,70,118,339,58,54
ua red,#d9004c,217,0,76,339,100,43
cameo pink,#efbbcc,239,187,204,340,62,84
charm pink,#e68fac,230,143,172,340,64,73
china rose,#a8516e,168,81,110,340,35,49
lavender blush,#fff0f5,255,240,245,340,100,97
light thulian pink,#e68fac,230,143,172,340,64,73
pale red-violet,#db7093,219,112,147,340,60,65
pale violet-red,#db7093,219,112,147,340,60,65
rose red,#c21e56,194,30,86,340,73,44
spanish carmine,#d10047,209,0,71,340,100,41
folly,#ff004f,255,0,79,341,100,50
sasquatch socks,#ff4681,255,70,129,341,100,64
strawberry,#fc5a8d,252,90,141,341,96,67
amaranth purple,#ab274f,171,39,79,342,63,41
blush,#de5d83,222,93,131,342,66,62
dark pink,#e75480,231,84,128,342,75,62
deep tuscan red,#66424d,102,66,77,342,21,33
m&p carmine,#d70040,215,0,64,342,100,42
orchid pink,#f2bdcd,242,189,205,342,67,85
rich carmine,#d70040,215,0,64,342,100,42
tickle me pink,#fc89ac,252,137,172,342,95,76
utah crimson,#d3003f,211,0,63,342,100,41
cerise,#de3163,222,49,99,343,72,53
cherry,#de3163,222,49,99,343,72,53
cinnamon satin,#cd607e,205,96,126,343,52,59
claret,#7f1734,127,23,52,343,69,29
light crimson,#f56991,245,105,145,343,88,69
mauve taupe,#915f6d,145,95,109,343,21,47
piggy pink,#fddde6,253,221,230,343,89,93
raspberry glace,#915f6d,145,95,109,343,21,47
baker-miller pink,#ff91af,255,145,175,344,100,78
crimson glory,#be0032,190,0,50,344,100,37
dark scarlet,#560319,86,3,25,344,93,17
flamingo pink,#fc8eac,252,142,172,344,95,77
french wine,#ac1e44,172,30,68,344,70,40
rose dust,#9e5e6f,158,94,111,344,25,49
schauss pink,#ff91af,255,145,175,344,100,78
vanilla ice,#f38fa9,243,143,169,344,81,76
big dip o’ruby,#9c2542,156,37,66,345,62,38
burgundy,#800020,128,0,32,345,100,25
electric crimson,#ff003f,255,0,63,345,100,50
puce,#cc8899,204,136,153,345,40,67
munsell red,#f2003c,242,0,60,345,100,47
ncs red,#c40233,196,2,51,345,98,39
spanish crimson,#e51a4c,229,26,76,345,80,50
vivid crimson,#cc0033,204,0,51,345,100,40
alabama crimson,#af002a,175,0,42,346,100,34
alabaster,#f2f0e6,242,240,230,346,32,93
american rose,#ff033e,255,3,62,346,100,51
bright maroon,#c32148,195,33,72,346,71,45
maroon (crayola),#c32148,195,33,72,346,71,45
pink sherbet,#f78fa7,247,143,167,346,87,76
carmine red,#ff0038,255,0,56,347,100,50
deep carmine,#a9203e,169,32,62,347,68,39
dingy dungeon,#c53151,197,49,81,347,60,48
paradise pink,#e63e62,230,62,98,347,77,57
crayola red,#ee204d,238,32,77,347,86,53
turkish rose,#b57281,181,114,129,347,31,58
amaranth,#e52b50,229,43,80,348,78,53
brink pink,#fb607f,251,96,127,348,95,68
catawba,#703642,112,54,66,348,35,33
cherry blossom pink,#ffb7c5,255,183,197,348,100,86
crimson,#dc143c,220,20,60,348,83,47
infra red,#ff496c,255,73,108,348,100,64
mauvelous,#ef98aa,239,152,170,348,73,77
radical red,#ff355e,255,53,94,348,100,60
black shadows,#bfafb2,191,175,178,349,11,72
bubble gum,#ffc1cc,255,193,204,349,100,88
french raspberry,#c72c48,199,44,72,349,64,48
magic potion,#ff4466,255,68,102,349,100,63
neon fuchsia,#fe4164,254,65,100,349,99,63
shimmering blush,#d98695,217,134,149,349,52,69
vivid burgundy,#9f1d35,159,29,53,349,69,37
antique ruby,#841b2d,132,27,45,350,66,31
cardinal,#c41e3a,196,30,58,350,73,44
carmine,#960018,150,0,24,350,100,29
fiery rose,#ff5470,255,84,112,350,100,67
medium candy apple red,#e2062c,226,6,44,350,95,45
pink,#ffc0cb,255,192,203,350,100,88
popstar,#be4f62,190,79,98,350,46,53
salmon pink,#ff91a4,255,145,164,350,100,78
scarlet,#fd0e35,253,14,53,350,98,52
spanish red,#e60026,230,0,38,350,100,45
tractor red,#fd0e35,253,14,53,350,98,52
ultra red,#fc6c85,252,108,133,350,96,71
wild watermelon,#fc6c85,252,108,133,350,96,71
cadmium red,#e30022,227,0,34,351,100,45
deep puce,#a95c68,169,92,104,351,31,51
light pink,#ffb6c1,255,182,193,351,100,86
rose gold,#b76e79,183,110,121,351,34,57
ruddy,#ff0028,255,0,40,351,100,50
sizzling red,#ff3855,255,56,85,351,100,61
brick red,#cb4154,203,65,84,352,57,53
desire,#ea3c53,234,60,83,352,81,58
rusty red,#da2c43,218,44,67,352,70,51
solid pink,#893843,137,56,67,352,42,38
bazaar,#98777b,152,119,123,353,14,53
dark terra cotta,#cc4e5c,204,78,92,353,55,55
harvard crimson,#c90016,201,0,22,353,100,39
parrot pink,#d998a0,217,152,160,353,46,72
puce red,#722f37,114,47,55,353,42,32
red devil,#860111,134,1,17,353,99,26
rosewood,#65000b,101,0,11,353,100,20
wine,#722f37,114,47,55,353,42,32
dark puce,#4f3a3c,79,58,60,354,15,27
pale pink,#fadadd,250,218,221,354,76,92
ruby red,#9b111e,155,17,30,354,80,34
ruddy pink,#e18e96,225,142,150,354,58,72
alizarin crimson,#e32636,227,38,54,355,77,52
begonia,#fa6e79,250,110,121,355,93,71
candy pink,#e4717a,228,113,122,355,68,67
cordovan,#893f45,137,63,69,355,37,39
imperial red,#ed2939,237,41,57,355,84,55
japanese carmine,#9d2933,157,41,51,355,59,39
lava,#cf1020,207,16,32,355,86,44
light carmine pink,#e66771,230,103,113,355,72,65
pantone red,#ed2939,237,41,57,355,84,55
red salsa,#fd3a4a,253,58,74,355,98,61
rocket metallic,#8a7f80,138,127,128,355,4,52
rose madder,#e32636,227,38,54,355,77,52
tango pink,#e4717a,228,113,122,355,68,67
amaranth red,#d3212d,211,33,45,356,73,48
amazonite,#00c4b0,0,196,176,356,100,38
deep taupe,#7e5e60,126,94,96,356,15,43
english red,#ab4b52,171,75,82,356,39,48
sangria,#92000a,146,0,10,356,100,29
sunburnt cyclops,#ff404c,255,64,76,356,100,63
upsdell red,#ae2029,174,32,41,356,69,40
venetian red,#c80815,200,8,21,356,92,41
deep carmine pink,#ef3038,239,48,56,357,86,56
fire engine red,#ce2029,206,32,41,357,73,47
ku crimson,#e8000d,232,0,13,357,100,45
rose vale,#ab4e52,171,78,82,357,37,49
smoky topaz,#933d41,147,61,65,357,41,41
tulip,#ff878d,255,135,141,357,100,76
vivid red,#f70d1a,247,13,26,357,94,51
english vermillion,#cc474b,204,71,75,358,57,54
pale chestnut,#ddadaf,221,173,175,358,41,77
pigment red,#ed1c24,237,28,36,358,85,52
bittersweet shimmer,#bf4f51,191,79,81,359,47,53
bulgarian rose,#480607,72,6,7,359,85,15
jasper,#d73b3e,215,59,62,359,66,54
madder lake,#cc3336,204,51,54,359,60,50
old rose,#c08081,192,128,129,359,34,63
spartan crimson,#9e1316,158,19,22,359,79,35
up maroon,#7b1113,123,17,19,359,76,27