Style,Clothing,Category
Sporty,Gym shoes,Shoes
Sporty,Joggers,Bottoms
Sporty,Sweatpants,Bottoms
Sporty,Leggings,Bottoms
Sporty,Racerback tank tops,Top
Sporty,Athletic t-shirts,Top
Sporty,Crewnecks,Top
Sporty,Athletic shorts,Bottoms
Sporty,Baseball caps,Accessory
Sporty,Visors,Accessory
Sporty,Windbreakers,Coat
Sporty,Track jackets,Coat
Sporty,Crew socks,Accessory
Sporty,Yoga pants,Bottoms
Sporty,Fanny packs,Accessory
Sporty,Crossbody bags,Accessory
Sporty,Athletic skirts,Bottoms
Sporty,Athletic dresses,Dress
Bohemian,Floral maxi dresses,Dress
Bohemian,Floral maxi skirts,Bottoms
Bohemian,Crochet tops,Top
Bohemian,Crochet dresses,Dress
Bohemian,Bell-bottom pants,Bottoms
Bohemian,Kimonos,Dress
Bohemian,Duster jackets,Coat
Bohemian,Off-the-shoulder tops,Top
Bohemian,Off-the-shoulder dresses,Dress
Bohemian,Fringe shirts,Top
Bohemian,Fringe pants,Bottoms
Bohemian,Fringe skirts,Bottoms
Bohemian,Fringe dresses,Dress
Bohemian,Embroidered shirts,Top
Bohemian,Embroidered pants,Bottoms
Bohemian,Embroidered skirts,Bottoms
Bohemian,Embroidered dresses,Dress
Bohemian,Flowy blouses,Top
Bohemian,Flowy dresses,Dress
Bohemian,Flowy skirts,Bottoms
Bohemian,Oversized sunglasses,Accessory
Bohemian,Floppy hats,Accessory
Bohemian,Beaded jewelry,Accessory
Bohemian,Frayed denim shorts,Bottoms
Bohemian,Frayed denim jeans,Bottoms
Bohemian,Flared jeans,Bottoms
Bohemian,Lace blouses,Top
Bohemian,Lace dresses,Dress
Bohemian,Ruffled blouses,Top
Bohemian,Ruffled dresses,Dress
Bohemian,Ruffled skirts,Bottoms
Bohemian,Paisley shirts,Top
Bohemian,Paisley pants,Bottoms
Bohemian,Floral shirts,Top
Bohemian,Floral skirts,Bottoms
Bohemian,Floral pants,Bottoms
Bohemian,Floral dresses,Dress
Bohemian,Paisley dresses,Dress
Bohemian,Paisley skirts,Bottoms
Bohemian,Geometric shirts,Top
Bohemian,Geometric pants,Bottoms
Bohemian,Geometric dresses,Dress
Bohemian,Geometric skirts,Bottoms
Bohemian,Maxi rompers,Dress
Bohemian,Jumpsuit,Dress
Bohemian,Fedoras,Accessory
Bohemian,Tassel shirts,Top
Bohemian,Tassel pants,Bottoms
Bohemian,Tassel skirts,Bottoms
Bohemian,Fringed vests,Top
Bohemian,Embroidered denim jackets,Coat
Bohemian,Moccasin style shoes,Shoes
Bohemian,Wide-leg pants,Bottoms
Bohemian,Lace-up sandals,Shoes
Bohemian,Layered necklaces,Accessory
Bohemian,Crop tops,Top
Bohemian,Patchwork bags,Accessory
Bohemian,Patchwork jeans,Bottoms
Bohemian,Patchwork jackets,Coat
Bohemian,Printed headscarves,Accessory
Bohemian,Tie-dye dresses,Dress
Bohemian,Tie-dye shirts,Top
Bohemian,Tie-dye skirts,Bottoms
Bohemian,Tie-dye pants,Bottoms
Grunge,Flannel shirts,Top
Grunge,Oversized ripped t-shirts,Top
Grunge,Combat boots,Shoes
Grunge,Leather jackets,Coat
Grunge,Beanie hats,Accessory
Grunge,Fishnet stockings,Bottoms
Grunge,Oversized knit sweaters,Top
Grunge,Plaid skirts,Bottoms
Grunge,Vintage band t-shirts,Top
Grunge,Denim jackets,Coat
Grunge,High-top sneakers,Shoes
Grunge,Doc Marten boots,Shoes
Grunge,Acid wash denim jackets,Coat
Grunge,Acid wash denim jeans,Bottoms
Grunge,Leather pants,Bottoms
Grunge,Distressed band t-shirts,Top
Grunge,Bandanas,Accessory
Grunge,Ripped fishnet tights,Bottoms
Grunge,Distressed hoodies,Top
Grunge,Distressed denim shorts,Bottoms
Grunge,Oversized flannel jackets,Coat
Grunge,Military jackets,Coat
Preppy,Button-up shirts,Top
Preppy,Polo shirts,Top
Preppy,Tailored blazers,Coat
Preppy,Sweaters,Top
Preppy,Khaki pants,Bottoms
Preppy,Khaki skirts,Bottoms
Preppy,Bermuda shorts,Bottoms
Preppy,Penny loafers,Shoes
Preppy,Boat shoes,Shoes
Preppy,Trench coat,Coat
Preppy,Pleated skirt,Bottoms
Preppy,Cardigans,Top
Preppy,Chinos,Shoes
Preppy,Polo dresses,Dress
Preppy,Cable knit scarves,Accessory
Preppy,Turtleneck sweaters,Top
Preppy,Oxford shoes,Shoes
Preppy,Peacoats,Coat
Preppy,Rugby shirts,Top
Preppy,Tote bags,Accessory
Preppy,Crewneck sweatshirts,Top
Preppy,Capri pants,Bottoms
Preppy,Boatneck shirts,Top
Preppy,Boatneck dresses,Dress
Punk,Metal chains,Accessory
Punk,Band t-shirts,Top
Punk,Combat boots,Shoes
Punk,Ripped jeans,Bottoms
Punk,Graphic t-shirts,Top
Punk,Fishnet stockings,Bottoms
Punk,Plaid shirts,Top
Punk,Studded belts,Accessory
Punk,Denim vests,Top
Punk,Leather leggings,Bottoms
Punk,Biker jackets,Coat
Punk,Choker necklaces,Accessory
Punk,Hoodies,Top
Punk,Military jackets,Coat
Punk,Distressed t-shirts,Top
Punk,Leather skirts,Bottoms
Punk,High top sneakers,Shoes
Punk,Black denim jakcets,Coat
Punk,Faux fur jackets,Coat
Punk,Vinyl skirts,Bottoms
Punk,Sleeveless shirts,Top
Punk,Biker boots,Shoes
Streetwear,Drawstring hoodies,Top
Streetwear,Colorful sneakers,Shoes
Streetwear,Logo t-shirts,Top
Streetwear,Cargo joggers,Bottoms
Streetwear,Denim jackets,Coat
Streetwear,Snapback hats,Accessory
Streetwear,Cargo pants,Bottoms
Streetwear,Oversized t-shirts,Top
Streetwear,Tracksuits,Dress
Streetwear,Graphic sweatshirts,Top
Streetwear,High-top sneakers,Shoes
Streetwear,Distressed denim jeans,Bottoms
Streetwear,Bomber jackets,Coat
Streetwear,Bucket hats,Accessory
Streetwear,Skate shoes,Shoes
Streetwear,Oversized hoodies,Top
Streetwear,Graphic t-shirts,Top
Streetwear,Cargo shorts,Bottoms
Streetwear,Cargo jackets,Coat
Streetwear,Cargo skirts,Bottoms
Streetwear,Coach jackets,Coat
Streetwear,Denim jackets with patches,Coat
Streetwear,Combat boots,Shoes
Streetwear,Leather jackets,Coat
Streetwear,Printed socks,Accessory
Streetwear,Camouflage shirts,Top
Streetwear,Camouflage pants,Bottoms
Streetwear,Camouflage skirts,Bottoms
Streetwear,Patchwork jackets,Coat
Streetwear,Patchwork jeans,Bottoms
Streetwear,Vintage t-shirts,Top
Streetwear,Basketball shorts,Bottoms
Streetwear,Track pants,Bottoms
Streetwear,Baggy jeans,Bottoms
Streetwear,Mom jeans,Bottoms
Streetwear,Wide-leg jeans,Bottoms
Streetwear,Utility vests,Top
Classic,Tapered jeans,Bottoms
Classic,Oversized blazers,Top
Classic,Cashmere sweaters,Top
Classic,Tweed jackets,Coat
Classic,Loafers,Shoes
Classic,Trench coats,Coat
Classic,Pearl jewelry,Accessory
Classic,Shift dresses,Dress
Classic,Penny loafers,Shoes
Classic,Wide-leg trousers,Bottoms
Classic,Tailored trousers,Bottoms
Classic,Slacks,Bottoms
Classic,Button-up shirts,Top
Classic,Pencil skirts,Bottoms
Classic,Oxford shirts,Top
Classic,Ballet flats,Shoes
Classic,Peacoats,Coat
Classic,Turtleneck sweaters,Top
Classic,Tote bags,Accessory
Classic,Knee-length skirts,Bottoms
Classic,Creneck sweaters,Top
Classic,Wool coats,Coat
Classic,Button-up cardigans,Coat
Classic,Wrap dresses,Dress
Classic,Leather belts,Accessory
Classic,Trench coats,Coat
Classic,Boatneck tops,Top
Classic,Boatneck dresses,Dress
Classic,Wool skirts,Bottoms
Classic,Silk blouses,Top
Classic,Leather handbags,Accessory
Classic,Straight-leg jeans,Bottoms
Classic,Silk scarves,Accessory
Classic,Jeans with no holes,Bottoms
Classic,Pinstripe trousers,Bottoms
Classic,Pinstripe blazer,Coat
Classic,Stilettos,Shoes
Classic,Pumps,Shoes
Classic,A-line dresses,Dress
Casual,White t-shirts,Top
Casual,Jeans with holes,Bottoms
Casual,Hooded sweatshirts,Top
Casual,Low top sneakers,Shoes
Casual,Leggings,Bottoms
Casual,Sweatpants,Bottoms
Casual,Blue denim jackets,Coat
Casual,Baseball caps,Accessory
Casual,Sweatshirts,Top
Casual,Canvas tote bags,Accessory
Casual,Denim shorts,Bottoms
Casual,Baseball jackets,Coat
Casual,Backpacks,Accessory
Casual,Canvas sneakers,Shoes
Casual,Graphic sweatshirts,Top
Casual,Graphic t-shirts,Top
Casual,Slip-on shoes,Shoes
Casual,Boot cut jeans,Bottoms
Casual,Boyfriend jeans,Bottoms
Casual,Skinny jeans,Bottoms
Casual,Cargo pants,Bottoms
Casual,Boat shoes,Shoes
Casual,Plaid shirts,Top
Ethnic,Kaftans,Top
Ethnic,Sarees,Dress
Ethnic,Dashikis,Top
Ethnic,Kente cloth shirts,Top
Ethnic,Kente cloth pants,Bottoms
Ethnic,Kente cloth skirts,Bottoms
Ethnic,Kente cloth dresses,Dress
Ethnic,Harem pants,Bottoms
Ethnic,Kimonos,Dress
Ethnic,Ponchos,Coat
Ethnic,Djellabas,Dress
Ethnic,Embroidered tunics,Top
Ethnic,Boubous,Dress
Ethnic,Dirndls,Dress
Ethnic,Cheongsams,Dress
Ethnic,Sarongs,Bottoms
Ethnic,Thawbs,Dress
Ethnic,Abayas,Dress
Ethnic,Kanzus,Dress
Ethnic,Huipils,Top
Ethnic,Thobes,Dress
